{
  "scenarios": [
    {
      "Name": "Scenario 1",
      "data": {
        "lithology": [
          "6",
          "5",
          "4/3",
          "4",
          "5",
          "4/5",
          "4",
          "5",
          "6/5",
          "4/3",
          "2/3/4/5",
          "6"
        ],
        "depth": [
          0.0,
          2.9,
          4.14,
          7.54,
          8.09,
          9.03,
          10.33,
          12.31,
          14.15,
          15.37,
          17.39,
          18.07
        ],
        "E": [
          107041988.0,
          114555485.0,
          64707049.0,
          77616456.0,
          103987162.0,
          121525451.0,
          113530632.0,
          145146711.0,
          179622968.0,
          103444465.0,
          145812795.0,
          333322379.0
        ],
        "v": [
          0.29,
          0.305,
          0.433,
          0.234,
          0.205,
          0.232,
          0.308,
          0.239,
          0.273,
          0.48,
          0.362,
          0.297
        ],
        "rho": [
          1911.0,
          1835.0,
          1504.0,
          1776.0,
          1852.0,
          1871.0,
          1795.0,
          1897.0,
          1934.0,
          1668.0,
          1768.0,
          2072.0
        ],
        "damping": [
          0.01498,
          0.01231,
          0.01691,
          0.01334,
          0.01278,
          0.01209,
          0.01206,
          0.01112,
          0.01045,
          0.01188,
          0.01351,
          0.00902
        ],
        "var_depth": [
          0.252,
          0.165,
          0.16,
          0.032,
          0.04,
          0.081,
          0.086,
          0.111,
          0.13,
          0.066,
          0.081,
          0.188
        ],
        "var_E": [
          0.28,
          0.25,
          0.386,
          0.105,
          0.098,
          0.141,
          0.137,
          0.133,
          0.151,
          0.179,
          0.179,
          0.087
        ],
        "var_v": [
          0.189,
          0.3,
          0.239,
          0.367,
          0.155,
          0.316,
          0.425,
          0.316,
          0.298,
          0.113,
          0.269,
          0.059
        ],
        "var_rho": [
          0.099,
          0.134,
          0.16,
          0.034,
          0.025,
          0.041,
          0.044,
          0.038,
          0.049,
          0.046,
          0.075,
          0.014
        ],
        "var_damping": [
          0.972,
          0.236,
          0.326,
          0.071,
          0.072,
          0.098,
          0.06,
          0.072,
          0.11,
          0.15,
          0.314,
          0.016
        ]
      },
      "coordinates": [
        "104032",
        "413819"
      ],
      "probability": 1.0
    }
  ]
}