{
  "scenarios": [
    {
      "Name": "Scenario 1",
      "data": {
        "lithology": [
          "6",
          "5",
          "4/3",
          "4",
          "5",
          "4/5",
          "4",
          "5",
          "6/5",
          "4/3",
          "4/5/6"
        ],
        "depth": [
          0.0,
          2.98,
          4.24,
          7.62,
          8.2,
          9.12,
          10.44,
          12.44,
          14.4,
          15.44,
          17.78
        ],
        "E": [
          134442179.0,
          136731285.0,
          86943175.0,
          85758943.0,
          116468439.0,
          136874672.0,
          135768883.0,
          167203560.0,
          203529693.0,
          126239469.0,
          397443177.0
        ],
        "v": [
          0.285,
          0.306,
          0.435,
          0.235,
          0.206,
          0.235,
          0.31,
          0.242,
          0.274,
          0.474,
          0.296
        ],
        "rho": [
          1804.0,
          1808.0,
          1700.0,
          1712.0,
          1781.0,
          1802.0,
          1793.0,
          1828.0,
          1858.0,
          1714.0,
          1989.0
        ],
        "damping": [
          0.01156,
          0.01135,
          0.0168,
          0.01186,
          0.01064,
          0.01046,
          0.01138,
          0.00998,
          0.00985,
          0.01244,
          0.00906
        ],
        "var_depth": [
          0.229,
          0.172,
          0.161,
          0.033,
          0.042,
          0.084,
          0.087,
          0.118,
          0.124,
          0.078,
          0.228
        ],
        "var_E": [
          0.325,
          0.239,
          0.306,
          0.097,
          0.097,
          0.137,
          0.123,
          0.138,
          0.168,
          0.194,
          0.118
        ],
        "var_v": [
          0.176,
          0.296,
          0.237,
          0.369,
          0.173,
          0.333,
          0.422,
          0.309,
          0.307,
          0.131,
          0.084
        ],
        "var_rho": [
          0.095,
          0.043,
          0.046,
          0.021,
          0.019,
          0.027,
          0.022,
          0.027,
          0.038,
          0.041,
          0.024
        ],
        "var_damping": [
          0.221,
          0.213,
          0.355,
          0.138,
          0.136,
          0.122,
          0.091,
          0.084,
          0.114,
          0.215,
          0.065
        ]
      },
      "coordinates": [
        "104883",
        "474883"
      ],
      "probability": 1.0
    }
  ]
}