{
  "scenarios": [
    {
      "Name": "Scenario 1",
      "data": {
        "lithology": [
          "6",
          "5",
          "4/3",
          "4",
          "5",
          "4/5",
          "4",
          "5",
          "6/5",
          "4/3",
          "4/5/6"
        ],
        "depth": [
          0.0,
          2.96,
          4.24,
          7.62,
          8.18,
          9.12,
          10.44,
          12.44,
          14.4,
          15.44,
          17.78
        ],
        "E": [
          106854024.0,
          115605431.0,
          64594149.0,
          77826566.0,
          104019060.0,
          121836600.0,
          114269544.0,
          149207793.0,
          178713798.0,
          104371943.0,
          329040045.0
        ],
        "v": [
          0.283,
          0.306,
          0.434,
          0.237,
          0.205,
          0.232,
          0.309,
          0.241,
          0.273,
          0.474,
          0.296
        ],
        "rho": [
          1898.0,
          1837.0,
          1501.0,
          1775.0,
          1852.0,
          1871.0,
          1797.0,
          1904.0,
          1929.0,
          1663.0,
          2067.0
        ],
        "damping": [
          0.01149,
          0.01141,
          0.01672,
          0.01205,
          0.0107,
          0.01057,
          0.01155,
          0.01004,
          0.00988,
          0.01241,
          0.00905
        ],
        "var_depth": [
          0.224,
          0.167,
          0.159,
          0.032,
          0.041,
          0.083,
          0.087,
          0.117,
          0.123,
          0.078,
          0.225
        ],
        "var_E": [
          0.28,
          0.247,
          0.388,
          0.104,
          0.099,
          0.141,
          0.136,
          0.129,
          0.159,
          0.182,
          0.088
        ],
        "var_v": [
          0.174,
          0.297,
          0.239,
          0.373,
          0.155,
          0.317,
          0.422,
          0.308,
          0.307,
          0.132,
          0.083
        ],
        "var_rho": [
          0.105,
          0.134,
          0.162,
          0.035,
          0.025,
          0.042,
          0.044,
          0.037,
          0.052,
          0.052,
          0.019
        ],
        "var_damping": [
          0.214,
          0.243,
          0.345,
          0.157,
          0.15,
          0.139,
          0.099,
          0.094,
          0.112,
          0.207,
          0.067
        ]
      },
      "coordinates": [
        "104883",
        "474883"
      ],
      "probability": 1.0
    }
  ]
}