{
  "scenarios": [
    {
      "Name": "Scenario 1",
      "data": {
        "lithology": [
          "6",
          "5",
          "4",
          "3",
          "4",
          "5",
          "4/5",
          "4",
          "5",
          "4/5/6",
          "5/6",
          "4/3",
          "4/5/6"
        ],
        "depth": [
          0.0,
          3.18,
          4.34,
          4.86,
          7.7,
          8.24,
          9.27,
          10.57,
          12.47,
          13.91,
          14.41,
          15.55,
          17.87
        ],
        "E": [
          102486445.0,
          107670394.0,
          92939552.0,
          55961417.0,
          72079705.0,
          99731199.0,
          119746197.0,
          108685869.0,
          137654831.0,
          151324723.0,
          175586954.0,
          99717432.0,
          323689635.0
        ],
        "v": [
          0.29,
          0.309,
          0.38,
          0.444,
          0.228,
          0.205,
          0.239,
          0.296,
          0.23,
          0.258,
          0.271,
          0.477,
          0.297
        ],
        "rho": [
          1897.0,
          1821.0,
          1626.0,
          1473.0,
          1765.0,
          1850.0,
          1873.0,
          1793.0,
          1890.0,
          1911.0,
          1933.0,
          1654.0,
          2067.0
        ],
        "damping": [
          0.01206,
          0.01235,
          0.01427,
          0.01684,
          0.01269,
          0.01085,
          0.01085,
          0.01211,
          0.0104,
          0.01003,
          0.01,
          0.0127,
          0.00913
        ],
        "var_depth": [
          0.227,
          0.157,
          0.112,
          0.13,
          0.031,
          0.044,
          0.086,
          0.084,
          0.092,
          0.058,
          0.128,
          0.069,
          0.216
        ],
        "var_E": [
          0.27,
          0.259,
          0.371,
          0.397,
          0.107,
          0.091,
          0.135,
          0.14,
          0.14,
          0.129,
          0.152,
          0.18,
          0.085
        ],
        "var_v": [
          0.148,
          0.299,
          0.306,
          0.22,
          0.346,
          0.148,
          0.306,
          0.427,
          0.283,
          0.316,
          0.296,
          0.12,
          0.082
        ],
        "var_rho": [
          0.108,
          0.142,
          0.216,
          0.155,
          0.036,
          0.026,
          0.043,
          0.045,
          0.038,
          0.037,
          0.05,
          0.048,
          0.019
        ],
        "var_damping": [
          0.227,
          0.308,
          0.355,
          0.319,
          0.179,
          0.161,
          0.154,
          0.11,
          0.116,
          0.093,
          0.111,
          0.183,
          0.074
        ]
      },
      "coordinates": [
        "104883",
        "478457"
      ],
      "probability": 1.0
    }
  ]
}