{
  "scenarios": [
    {
      "Name": "Scenario 1",
      "data": {
        "lithology": [
          "6",
          "5",
          "4/3",
          "4",
          "5",
          "4/5",
          "4",
          "5",
          "6/5",
          "4/3",
          "2/3/4/5",
          "6"
        ],
        "depth": [
          0.0,
          2.97,
          4.23,
          7.62,
          8.18,
          9.12,
          10.44,
          12.43,
          14.25,
          15.46,
          17.48,
          18.14
        ],
        "E": [
          106959018.0,
          115572196.0,
          64833040.0,
          77547159.0,
          104077194.0,
          121765240.0,
          114118919.0,
          145741911.0,
          179884320.0,
          103984539.0,
          143272237.0,
          333566410.0
        ],
        "v": [
          0.283,
          0.305,
          0.434,
          0.238,
          0.205,
          0.232,
          0.31,
          0.239,
          0.273,
          0.48,
          0.364,
          0.297
        ],
        "rho": [
          1901.0,
          1838.0,
          1503.0,
          1774.0,
          1852.0,
          1871.0,
          1796.0,
          1898.0,
          1934.0,
          1669.0,
          1762.0,
          2072.0
        ],
        "damping": [
          0.01384,
          0.01223,
          0.01697,
          0.01332,
          0.01275,
          0.01207,
          0.01203,
          0.0111,
          0.01044,
          0.01188,
          0.01366,
          0.00901
        ],
        "var_depth": [
          0.225,
          0.166,
          0.159,
          0.032,
          0.04,
          0.082,
          0.086,
          0.111,
          0.129,
          0.067,
          0.079,
          0.188
        ],
        "var_E": [
          0.279,
          0.247,
          0.386,
          0.105,
          0.098,
          0.141,
          0.136,
          0.133,
          0.15,
          0.185,
          0.181,
          0.087
        ],
        "var_v": [
          0.175,
          0.297,
          0.238,
          0.377,
          0.158,
          0.319,
          0.422,
          0.317,
          0.297,
          0.113,
          0.276,
          0.059
        ],
        "var_rho": [
          0.096,
          0.133,
          0.16,
          0.034,
          0.025,
          0.042,
          0.044,
          0.037,
          0.049,
          0.046,
          0.076,
          0.015
        ],
        "var_damping": [
          0.557,
          0.235,
          0.327,
          0.071,
          0.072,
          0.097,
          0.06,
          0.071,
          0.111,
          0.154,
          0.317,
          0.016
        ]
      },
      "coordinates": [
        "104883",
        "478457"
      ],
      "probability": 1.0
    }
  ]
}