{
  "scenarios": [
    {
      "Name": "Scenario 1",
      "data": {
        "lithology": [
          "6",
          "5",
          "4/3",
          "4",
          "5",
          "4/5",
          "4",
          "5",
          "6/5",
          "4/3",
          "2/3/4/5",
          "6"
        ],
        "depth": [
          0.0,
          2.92,
          4.14,
          7.54,
          8.09,
          9.03,
          10.33,
          12.31,
          14.15,
          15.37,
          17.39,
          18.07
        ],
        "E": [
          134588171.0,
          135741879.0,
          87058329.0,
          85276892.0,
          115983009.0,
          136540671.0,
          134993542.0,
          162914708.0,
          204152587.0,
          124041152.0,
          171219356.0,
          403184037.0
        ],
        "v": [
          0.29,
          0.306,
          0.434,
          0.235,
          0.206,
          0.235,
          0.309,
          0.239,
          0.274,
          0.48,
          0.362,
          0.296
        ],
        "rho": [
          1824.0,
          1807.0,
          1701.0,
          1711.0,
          1780.0,
          1802.0,
          1793.0,
          1825.0,
          1859.0,
          1707.0,
          1804.0,
          1994.0
        ],
        "damping": [
          0.01504,
          0.01224,
          0.01695,
          0.01299,
          0.01243,
          0.01181,
          0.01183,
          0.01089,
          0.01031,
          0.01188,
          0.01343,
          0.00902
        ],
        "var_depth": [
          0.257,
          0.17,
          0.162,
          0.032,
          0.042,
          0.083,
          0.086,
          0.112,
          0.131,
          0.066,
          0.082,
          0.191
        ],
        "var_E": [
          0.326,
          0.242,
          0.305,
          0.101,
          0.095,
          0.138,
          0.125,
          0.143,
          0.159,
          0.194,
          0.171,
          0.118
        ],
        "var_v": [
          0.188,
          0.299,
          0.237,
          0.37,
          0.172,
          0.333,
          0.425,
          0.319,
          0.299,
          0.111,
          0.269,
          0.06
        ],
        "var_rho": [
          0.079,
          0.043,
          0.047,
          0.023,
          0.019,
          0.027,
          0.022,
          0.028,
          0.036,
          0.04,
          0.035,
          0.024
        ],
        "var_damping": [
          0.972,
          0.216,
          0.335,
          0.055,
          0.059,
          0.084,
          0.053,
          0.064,
          0.107,
          0.161,
          0.315,
          0.012
        ]
      },
      "coordinates": [
        "104032",
        "413819"
      ],
      "probability": 1.0
    }
  ]
}