{
  "scenarios": [
    {
      "Name": "Scenario 1",
      "data": {
        "lithology": [
          "6",
          "5",
          "4/3",
          "4",
          "5/4",
          "4/5",
          "4",
          "3/4",
          "5",
          "4/5",
          "6/5",
          "4/3",
          "2/3/4",
          "5/6"
        ],
        "depth": [
          0.0,
          3.02,
          4.26,
          7.76,
          8.42,
          9.19,
          10.49,
          11.13,
          12.65,
          13.87,
          14.53,
          15.53,
          17.51,
          18.03
        ],
        "E": [
          138346423.0,
          147093747.0,
          100367506.0,
          102044280.0,
          132885865.0,
          152049208.0,
          147874980.0,
          156318668.0,
          175990546.0,
          193314562.0,
          220220000.0,
          133486896.0,
          161064995.0,
          419963880.0
        ],
        "v": [
          0.284,
          0.305,
          0.434,
          0.247,
          0.211,
          0.24,
          0.306,
          0.347,
          0.237,
          0.254,
          0.27,
          0.482,
          0.415,
          0.294
        ],
        "rho": [
          1812.0,
          1814.0,
          1705.0,
          1726.0,
          1791.0,
          1810.0,
          1798.0,
          1799.0,
          1829.0,
          1841.0,
          1865.0,
          1705.0,
          1781.0,
          1996.0
        ],
        "damping": [
          0.0115,
          0.01131,
          0.01706,
          0.01136,
          0.01038,
          0.01017,
          0.0109,
          0.01079,
          0.00988,
          0.00958,
          0.00964,
          0.01172,
          0.01519,
          0.00893
        ],
        "var_depth": [
          0.228,
          0.168,
          0.166,
          0.032,
          0.038,
          0.083,
          0.047,
          0.076,
          0.085,
          0.067,
          0.119,
          0.062,
          0.053,
          0.193
        ],
        "var_E": [
          0.314,
          0.224,
          0.281,
          0.08,
          0.077,
          0.116,
          0.1,
          0.114,
          0.137,
          0.128,
          0.154,
          0.203,
          0.149,
          0.108
        ],
        "var_v": [
          0.177,
          0.305,
          0.232,
          0.4,
          0.252,
          0.366,
          0.44,
          0.386,
          0.338,
          0.34,
          0.322,
          0.104,
          0.227,
          0.085
        ],
        "var_rho": [
          0.062,
          0.041,
          0.047,
          0.018,
          0.015,
          0.022,
          0.018,
          0.022,
          0.027,
          0.029,
          0.036,
          0.041,
          0.032,
          0.022
        ],
        "var_damping": [
          0.224,
          0.313,
          0.352,
          0.097,
          0.109,
          0.101,
          0.082,
          0.067,
          0.074,
          0.061,
          0.106,
          0.222,
          0.307,
          0.039
        ]
      },
      "coordinates": [
        "104883",
        "478457"
      ],
      "probability": 1.0
    }
  ]
}