{
  "scenarios": [
    {
      "Name": "Scenario 1",
      "data": {
        "lithology": [
          "6",
          "5",
          "4/3",
          "4",
          "5",
          "4/5",
          "4",
          "5",
          "6/5",
          "4/3",
          "2/3/4/5",
          "6"
        ],
        "depth": [
          0.0,
          2.99,
          4.15,
          7.54,
          8.1,
          9.02,
          10.33,
          12.31,
          14.12,
          15.36,
          17.38,
          17.98
        ],
        "E": [
          157920897.0,
          157839727.0,
          101720917.0,
          107616743.0,
          146224416.0,
          167704217.0,
          159708443.0,
          199226933.0,
          242615448.0,
          154265115.0,
          198458530.0,
          465941797.0
        ],
        "v": [
          0.358,
          0.495,
          0.495,
          0.495,
          0.495,
          0.495,
          0.495,
          0.495,
          0.495,
          0.495,
          0.495,
          0.495
        ],
        "rho": [
          1788.0,
          1806.0,
          1713.0,
          1716.0,
          1782.0,
          1803.0,
          1797.0,
          1827.0,
          1860.0,
          1728.0,
          1804.0,
          1994.0
        ],
        "damping": [
          0.01369,
          0.01229,
          0.01694,
          0.01296,
          0.01242,
          0.0118,
          0.01181,
          0.01089,
          0.01031,
          0.01186,
          0.01385,
          0.00902
        ],
        "var_depth": [
          0.228,
          0.159,
          0.179,
          0.032,
          0.041,
          0.082,
          0.091,
          0.114,
          0.13,
          0.075,
          0.08,
          0.195
        ],
        "var_E": [
          0.78,
          0.293,
          0.302,
          0.099,
          0.09,
          0.135,
          0.11,
          0.118,
          0.163,
          0.192,
          0.204,
          0.107
        ],
        "var_v": [
          0.049,
          0.0,
          0.0,
          0.0,
          0.0,
          0.0,
          0.0,
          0.0,
          0.0,
          0.0,
          0.0,
          0.0
        ],
        "var_rho": [
          0.103,
          0.044,
          0.047,
          0.022,
          0.018,
          0.027,
          0.021,
          0.027,
          0.037,
          0.039,
          0.037,
          0.024
        ],
        "var_damping": [
          0.396,
          0.207,
          0.323,
          0.055,
          0.06,
          0.086,
          0.055,
          0.065,
          0.094,
          0.135,
          0.315,
          0.018
        ]
      },
      "coordinates": [
        "104032",
        "413819"
      ],
      "probability": 1.0
    }
  ]
}