{
  "scenarios": [
    {
      "Name": "Scenario 1",
      "data": {
        "lithology": [
          "6",
          "5",
          "4/3",
          "4",
          "5",
          "4/5",
          "4",
          "5",
          "6/5",
          "4/3",
          "2/3/4/5",
          "6"
        ],
        "depth": [
          0.0,
          2.97,
          4.13,
          7.52,
          8.08,
          9.04,
          10.33,
          12.31,
          14.12,
          15.36,
          17.38,
          17.98
        ],
        "E": [
          278958153.0,
          250278532.0,
          168618010.0,
          172185991.0,
          227706548.0,
          246866873.0,
          241925800.0,
          266869376.0,
          300148112.0,
          182121587.0,
          234808370.0,
          445506132.0
        ],
        "v": [
          0.357,
          0.495,
          0.495,
          0.495,
          0.495,
          0.495,
          0.495,
          0.495,
          0.495,
          0.495,
          0.495,
          0.495
        ],
        "rho": [
          1902.0,
          1836.0,
          1524.0,
          1777.0,
          1853.0,
          1873.0,
          1800.0,
          1899.0,
          1935.0,
          1690.0,
          1763.0,
          2072.0
        ],
        "damping": [
          0.01352,
          0.01233,
          0.01686,
          0.01331,
          0.01275,
          0.01207,
          0.01202,
          0.0111,
          0.01044,
          0.0118,
          0.01388,
          0.00902
        ],
        "var_depth": [
          0.218,
          0.153,
          0.177,
          0.032,
          0.041,
          0.08,
          0.092,
          0.113,
          0.13,
          0.074,
          0.079,
          0.193
        ],
        "var_E": [
          1.096,
          0.19,
          0.225,
          0.093,
          0.075,
          0.107,
          0.08,
          0.104,
          0.144,
          0.17,
          0.14,
          0.082
        ],
        "var_v": [
          0.048,
          0.0,
          0.0,
          0.0,
          0.0,
          0.0,
          0.0,
          0.0,
          0.0,
          0.0,
          0.0,
          0.0
        ],
        "var_rho": [
          0.11,
          0.158,
          0.153,
          0.035,
          0.025,
          0.042,
          0.043,
          0.037,
          0.05,
          0.045,
          0.084,
          0.015
        ],
        "var_damping": [
          0.374,
          0.22,
          0.318,
          0.069,
          0.071,
          0.099,
          0.061,
          0.074,
          0.101,
          0.134,
          0.314,
          0.021
        ]
      },
      "coordinates": [
        "104032",
        "413819"
      ],
      "probability": 1.0
    }
  ]
}