{
  "scenarios": [
    {
      "Name": "Scenario 1",
      "data": {
        "lithology": [
          "6",
          "5",
          "4",
          "3",
          "4",
          "5",
          "4/5",
          "4",
          "5",
          "4/5/6",
          "5/6",
          "4/3",
          "4/5/6",
          "5",
          "4/3/1"
        ],
        "depth": [
          0.0,
          3.18,
          4.34,
          4.86,
          7.72,
          8.26,
          9.25,
          10.55,
          12.51,
          13.89,
          14.41,
          15.55,
          17.89,
          24.93,
          25.79
        ],
        "E": [
          124006246.0,
          119306648.0,
          112988222.0,
          71326319.0,
          78493839.0,
          109279623.0,
          130043403.0,
          126792095.0,
          151573038.0,
          162111635.0,
          191925422.0,
          117138771.0,
          345185608.0,
          277187722.0,
          154381797.0
        ],
        "v": [
          0.207,
          0.254,
          0.344,
          0.438,
          0.235,
          0.204,
          0.224,
          0.3,
          0.218,
          0.234,
          0.235,
          0.474,
          0.203,
          0.2,
          0.2
        ],
        "rho": [
          1833.0,
          1808.0,
          1792.0,
          1685.0,
          1713.0,
          1783.0,
          1808.0,
          1794.0,
          1826.0,
          1828.0,
          1861.0,
          1713.0,
          1988.0,
          1945.0,
          1885.0
        ],
        "damping": [
          6e-05,
          0.04295,
          0.0701,
          0.10272,
          0.06994,
          0.0347,
          0.0376,
          0.0792,
          0.036,
          0.02919,
          0.02848,
          0.09249,
          0.00991,
          0.00901,
          0.00902
        ],
        "var_depth": [
          0.3,
          0.13,
          0.09,
          0.17,
          0.01,
          0.01,
          0.05,
          0.06,
          0.05,
          0.02,
          0.09,
          0.06,
          0.12,
          0.2,
          11.26
        ],
        "var_E": [
          1741909952430865.0,
          983607055562450.0,
          1199123640880173.0,
          572539322734652.0,
          57946186583827.0,
          85669807255123.0,
          284437943467939.0,
          284484911201813.0,
          545366861977453.0,
          636344457302353.0,
          1018776509675046.0,
          563071066235572.0,
          1491885218603056.0,
          3.965407160721056e+16,
          5.3687143053485376e+17
        ],
        "var_v": [
          0.002,
          0.012,
          0.022,
          0.011,
          0.008,
          0.001,
          0.006,
          0.017,
          0.004,
          0.007,
          0.007,
          0.004,
          0.001,
          0.0,
          0.0
        ],
        "var_rho": [
          17544.0,
          6150.0,
          7582.0,
          6145.0,
          1253.0,
          859.0,
          1762.0,
          1571.0,
          2491.0,
          3290.0,
          4494.0,
          4561.0,
          1955.0,
          42256.0,
          591837.0
        ],
        "var_damping": [
          0.03658,
          0.00312,
          0.00385,
          0.0019,
          0.0023,
          0.00163,
          0.00157,
          0.00139,
          0.00142,
          0.00106,
          0.00102,
          0.0006,
          4e-05,
          0.0,
          1e-05
        ]
      },
      "coordinates": [
        "104883",
        "474883"
      ],
      "probability": 0.0
    }
  ]
}