{
  "scenarios": [
    {
      "Name": "Scenario 1",
      "data": {
        "lithology": [
          "6",
          "5",
          "4",
          "3",
          "4",
          "5",
          "4/5",
          "4",
          "5",
          "4/5/6",
          "5/6",
          "4/3",
          "4/5/6"
        ],
        "depth": [
          0.0,
          3.18,
          4.34,
          4.88,
          7.7,
          8.24,
          9.27,
          10.55,
          12.49,
          13.91,
          14.41,
          15.55,
          17.87
        ],
        "E": [
          119046801.0,
          119448745.0,
          113067166.0,
          71309970.0,
          77625854.0,
          109134014.0,
          130427071.0,
          126559887.0,
          151523513.0,
          162515109.0,
          192077282.0,
          117730201.0,
          362207261.0
        ],
        "v": [
          0.207,
          0.251,
          0.345,
          0.439,
          0.235,
          0.204,
          0.22,
          0.293,
          0.215,
          0.229,
          0.23,
          0.475,
          0.202
        ],
        "rho": [
          1813.0,
          1810.0,
          1793.0,
          1686.0,
          1713.0,
          1784.0,
          1811.0,
          1797.0,
          1828.0,
          1832.0,
          1865.0,
          1715.0,
          1994.0
        ],
        "damping": [
          0.01787,
          0.04134,
          0.0699,
          0.10292,
          0.07428,
          0.03423,
          0.03607,
          0.07941,
          0.03688,
          0.0278,
          0.02806,
          0.09343,
          0.00963
        ],
        "var_depth": [
          0.19,
          0.13,
          0.09,
          0.17,
          0.01,
          0.01,
          0.04,
          0.05,
          0.05,
          0.02,
          0.08,
          0.05,
          0.16
        ],
        "var_E": [
          1578043779510007.0,
          967014541430661.0,
          1199725886541144.0,
          567875218485562.0,
          53413107348860.0,
          79331969604608.0,
          273051255225110.0,
          267424398318811.0,
          533481695485248.0,
          590839530237085.0,
          976287690059571.0,
          554737256171018.0,
          1863047952115054.0
        ],
        "var_v": [
          0.002,
          0.012,
          0.022,
          0.011,
          0.007,
          0.001,
          0.005,
          0.016,
          0.004,
          0.006,
          0.006,
          0.004,
          0.0
        ],
        "var_rho": [
          12275.0,
          5934.0,
          7547.0,
          6094.0,
          1150.0,
          774.0,
          1631.0,
          1425.0,
          2373.0,
          3001.0,
          4294.0,
          4513.0,
          2016.0
        ],
        "var_damping": [
          0.00098,
          0.00302,
          0.00385,
          0.00188,
          0.00219,
          0.00164,
          0.00152,
          0.00138,
          0.00146,
          0.00099,
          0.00101,
          0.00056,
          3e-05
        ]
      },
      "coordinates": [
        "104883",
        "474883"
      ],
      "probability": 0.0
    }
  ]
}