{
  "scenarios": [
    {
      "Name": "Scenario 1",
      "data": {
        "lithology": [
          "6",
          "5",
          "4/3",
          "4",
          "5",
          "4/5",
          "4",
          "5",
          "6/5",
          "4/3",
          "2/3/4/5",
          "6"
        ],
        "depth": [
          0.0,
          2.9,
          4.14,
          7.54,
          8.09,
          9.03,
          10.33,
          12.31,
          14.15,
          15.37,
          17.39,
          18.07
        ],
        "E": [
          108527345.0,
          116663248.0,
          65366355.0,
          81700840.0,
          111289003.0,
          128423252.0,
          117126687.0,
          152609659.0,
          185669876.0,
          103690924.0,
          149384455.0,
          334203757.0
        ],
        "v": [
          0.309,
          0.329,
          0.445,
          0.298,
          0.289,
          0.301,
          0.349,
          0.302,
          0.315,
          0.483,
          0.391,
          0.3
        ],
        "rho": [
          1901.0,
          1836.0,
          1506.0,
          1776.0,
          1852.0,
          1871.0,
          1795.0,
          1897.0,
          1934.0,
          1668.0,
          1768.0,
          2072.0
        ],
        "damping": [
          0.01519,
          0.0123,
          0.01691,
          0.01333,
          0.01277,
          0.01208,
          0.01205,
          0.01111,
          0.01045,
          0.01188,
          0.01353,
          0.00902
        ],
        "var_depth": [
          0.252,
          0.165,
          0.16,
          0.032,
          0.04,
          0.081,
          0.086,
          0.111,
          0.13,
          0.066,
          0.081,
          0.188
        ],
        "var_E": [
          0.278,
          0.247,
          0.384,
          0.102,
          0.095,
          0.137,
          0.135,
          0.129,
          0.148,
          0.179,
          0.177,
          0.087
        ],
        "var_v": [
          0.128,
          0.22,
          0.187,
          0.231,
          0.101,
          0.174,
          0.297,
          0.176,
          0.185,
          0.09,
          0.18,
          0.007
        ],
        "var_rho": [
          0.094,
          0.131,
          0.158,
          0.034,
          0.025,
          0.041,
          0.044,
          0.038,
          0.049,
          0.046,
          0.075,
          0.014
        ],
        "var_damping": [
          1.057,
          0.235,
          0.327,
          0.071,
          0.071,
          0.097,
          0.059,
          0.072,
          0.11,
          0.152,
          0.313,
          0.016
        ]
      },
      "coordinates": [
        "104032",
        "413819"
      ],
      "probability": 1.0
    }
  ]
}