{
  "scenarios": [
    {
      "Name": "Scenario 1",
      "data": {
        "lithology": [
          "6",
          "5",
          "4/3",
          "4",
          "5",
          "4/5",
          "4",
          "5",
          "6/5",
          "4/3",
          "2/3/4/5",
          "6"
        ],
        "depth": [
          0.0,
          2.9,
          4.14,
          7.54,
          8.09,
          9.03,
          10.33,
          12.31,
          14.15,
          15.35,
          17.39,
          18.07
        ],
        "E": [
          108583363.0,
          116994949.0,
          69563926.0,
          83588136.0,
          112600989.0,
          129735075.0,
          120160427.0,
          154327006.0,
          187910321.0,
          118424464.0,
          157216478.0,
          335681826.0
        ],
        "v": [
          0.309,
          0.329,
          0.445,
          0.298,
          0.289,
          0.301,
          0.35,
          0.302,
          0.314,
          0.482,
          0.391,
          0.3
        ],
        "rho": [
          1901.0,
          1837.0,
          1525.0,
          1779.0,
          1854.0,
          1873.0,
          1800.0,
          1899.0,
          1938.0,
          1693.0,
          1782.0,
          2072.0
        ],
        "damping": [
          0.01519,
          0.0123,
          0.0169,
          0.0133,
          0.01275,
          0.01207,
          0.01202,
          0.0111,
          0.01043,
          0.01179,
          0.01354,
          0.00901
        ],
        "var_depth": [
          0.252,
          0.165,
          0.16,
          0.032,
          0.04,
          0.081,
          0.086,
          0.111,
          0.129,
          0.067,
          0.081,
          0.188
        ],
        "var_E": [
          0.278,
          0.246,
          0.358,
          0.105,
          0.096,
          0.136,
          0.13,
          0.126,
          0.142,
          0.169,
          0.173,
          0.086
        ],
        "var_v": [
          0.128,
          0.22,
          0.187,
          0.232,
          0.101,
          0.175,
          0.297,
          0.177,
          0.182,
          0.093,
          0.18,
          0.007
        ],
        "var_rho": [
          0.094,
          0.131,
          0.151,
          0.034,
          0.025,
          0.041,
          0.043,
          0.037,
          0.047,
          0.046,
          0.075,
          0.014
        ],
        "var_damping": [
          1.057,
          0.235,
          0.328,
          0.072,
          0.072,
          0.097,
          0.06,
          0.072,
          0.11,
          0.157,
          0.315,
          0.016
        ]
      },
      "coordinates": [
        "104032",
        "413819"
      ],
      "probability": 1.0
    }
  ]
}