{
  "scenarios": [
    {
      "Name": "Scenario 1",
      "data": {
        "lithology": [
          "6/5",
          "6",
          "5",
          "4/3",
          "4",
          "5",
          "4/5",
          "4",
          "5",
          "6/5",
          "4/3",
          "4/5/6"
        ],
        "depth": [
          0.0,
          0.62,
          2.71,
          4.07,
          7.44,
          8.0,
          8.94,
          10.27,
          12.13,
          14.24,
          15.28,
          17.58
        ],
        "E": [
          288072751.0,
          261412030.0,
          246137971.0,
          166418577.0,
          172476544.0,
          226933122.0,
          245133787.0,
          240899089.0,
          274182236.0,
          299535669.0,
          186298514.0,
          440240397.0
        ],
        "v": [
          0.309,
          0.365,
          0.495,
          0.495,
          0.495,
          0.495,
          0.495,
          0.495,
          0.495,
          0.495,
          0.495,
          0.495
        ],
        "rho": [
          1792.0,
          1891.0,
          1824.0,
          1527.0,
          1775.0,
          1849.0,
          1868.0,
          1799.0,
          1909.0,
          1927.0,
          1682.0,
          2066.0
        ],
        "damping": [
          0.01682,
          0.0131,
          0.01261,
          0.0168,
          0.01347,
          0.0129,
          0.01221,
          0.01211,
          0.01099,
          0.01055,
          0.01243,
          0.00909
        ],
        "var_depth": [
          0.118,
          0.193,
          0.167,
          0.175,
          0.032,
          0.041,
          0.082,
          0.091,
          0.123,
          0.12,
          0.086,
          0.232
        ],
        "var_E": [
          1.788,
          0.612,
          0.254,
          0.243,
          0.092,
          0.077,
          0.109,
          0.083,
          0.102,
          0.151,
          0.169,
          0.084
        ],
        "var_v": [
          0.078,
          0.067,
          0.0,
          0.0,
          0.0,
          0.0,
          0.0,
          0.0,
          0.0,
          0.0,
          0.0,
          0.0
        ],
        "var_rho": [
          0.172,
          0.141,
          0.165,
          0.15,
          0.036,
          0.028,
          0.044,
          0.044,
          0.036,
          0.053,
          0.052,
          0.02
        ],
        "var_damping": [
          0.453,
          0.335,
          0.256,
          0.307,
          0.083,
          0.084,
          0.108,
          0.069,
          0.078,
          0.104,
          0.199,
          0.056
        ]
      },
      "coordinates": [
        "104883",
        "478457"
      ],
      "probability": 1.0
    }
  ]
}