{
  "scenarios": [
    {
      "Name": "Scenario 1",
      "data": {
        "lithology": [
          "6",
          "5",
          "4/3",
          "4",
          "5",
          "4/5",
          "4",
          "5",
          "6/5",
          "4/3",
          "2/3/4/5",
          "6"
        ],
        "depth": [
          0.0,
          2.92,
          4.14,
          7.54,
          8.11,
          9.03,
          10.33,
          12.31,
          14.15,
          15.37,
          17.39,
          18.07
        ],
        "E": [
          133964581.0,
          135645967.0,
          87516134.0,
          85750630.0,
          116557357.0,
          136657473.0,
          135076055.0,
          162913676.0,
          204102638.0,
          123839554.0,
          171063037.0,
          403251842.0
        ],
        "v": [
          0.29,
          0.306,
          0.435,
          0.234,
          0.206,
          0.235,
          0.309,
          0.239,
          0.274,
          0.48,
          0.362,
          0.296
        ],
        "rho": [
          1786.0,
          1807.0,
          1701.0,
          1712.0,
          1781.0,
          1802.0,
          1793.0,
          1825.0,
          1859.0,
          1707.0,
          1804.0,
          1994.0
        ],
        "damping": [
          0.01553,
          0.01224,
          0.01697,
          0.01298,
          0.01242,
          0.01181,
          0.01183,
          0.01089,
          0.01031,
          0.01187,
          0.01343,
          0.00902
        ],
        "var_depth": [
          0.262,
          0.17,
          0.162,
          0.033,
          0.042,
          0.083,
          0.086,
          0.112,
          0.131,
          0.067,
          0.082,
          0.19
        ],
        "var_E": [
          0.329,
          0.243,
          0.302,
          0.098,
          0.094,
          0.137,
          0.124,
          0.143,
          0.159,
          0.194,
          0.171,
          0.118
        ],
        "var_v": [
          0.188,
          0.299,
          0.234,
          0.366,
          0.173,
          0.332,
          0.425,
          0.319,
          0.299,
          0.111,
          0.269,
          0.06
        ],
        "var_rho": [
          0.093,
          0.043,
          0.047,
          0.022,
          0.019,
          0.027,
          0.022,
          0.028,
          0.036,
          0.04,
          0.035,
          0.024
        ],
        "var_damping": [
          1.153,
          0.216,
          0.335,
          0.056,
          0.06,
          0.084,
          0.053,
          0.064,
          0.107,
          0.161,
          0.315,
          0.012
        ]
      },
      "coordinates": [
        "104032",
        "413819"
      ],
      "probability": 1.0
    }
  ]
}