{
  "scenarios": [
    {
      "Name": "Scenario 1",
      "data": {
        "lithology": [
          "6",
          "5",
          "4/3",
          "4",
          "5",
          "4/5",
          "4",
          "5",
          "6/5",
          "4/3",
          "2/3/4/5",
          "6"
        ],
        "depth": [
          0.0,
          2.92,
          4.14,
          7.54,
          8.1,
          9.04,
          10.34,
          12.32,
          14.14,
          15.36,
          17.38,
          18.06
        ],
        "E": [
          133963745.0,
          135596697.0,
          87451730.0,
          85606283.0,
          116245748.0,
          136720168.0,
          135106498.0,
          162778016.0,
          204267090.0,
          123942463.0,
          169752460.0,
          403139022.0
        ],
        "v": [
          0.29,
          0.306,
          0.435,
          0.234,
          0.206,
          0.235,
          0.309,
          0.239,
          0.273,
          0.48,
          0.365,
          0.296
        ],
        "rho": [
          1786.0,
          1806.0,
          1700.0,
          1711.0,
          1780.0,
          1802.0,
          1793.0,
          1824.0,
          1860.0,
          1707.0,
          1803.0,
          1994.0
        ],
        "damping": [
          0.01554,
          0.01225,
          0.01697,
          0.01298,
          0.01243,
          0.01181,
          0.01183,
          0.01089,
          0.0103,
          0.01184,
          0.01353,
          0.00902
        ],
        "var_depth": [
          0.262,
          0.17,
          0.162,
          0.032,
          0.042,
          0.083,
          0.086,
          0.112,
          0.13,
          0.068,
          0.081,
          0.191
        ],
        "var_E": [
          0.329,
          0.243,
          0.302,
          0.099,
          0.094,
          0.137,
          0.124,
          0.143,
          0.157,
          0.196,
          0.17,
          0.118
        ],
        "var_v": [
          0.189,
          0.3,
          0.234,
          0.371,
          0.177,
          0.331,
          0.424,
          0.319,
          0.296,
          0.113,
          0.267,
          0.061
        ],
        "var_rho": [
          0.093,
          0.043,
          0.047,
          0.022,
          0.019,
          0.027,
          0.022,
          0.028,
          0.035,
          0.04,
          0.035,
          0.024
        ],
        "var_damping": [
          1.153,
          0.216,
          0.335,
          0.056,
          0.06,
          0.084,
          0.053,
          0.064,
          0.108,
          0.158,
          0.316,
          0.012
        ]
      },
      "coordinates": [
        "104883",
        "478457"
      ],
      "probability": 1.0
    }
  ]
}