{
  "scenarios": [
    {
      "Name": "Scenario 1",
      "data": {
        "lithology": [
          "1/4/5",
          "6",
          "5",
          "4",
          "3",
          "4",
          "5",
          "4/5",
          "4",
          "5/4",
          "4/5/6",
          "5/6",
          "4/3",
          "4/5/6",
          "5",
          "4/3/1"
        ],
        "depth": [
          0.0,
          1.02,
          3.18,
          4.34,
          4.86,
          7.7,
          8.24,
          9.25,
          10.55,
          12.37,
          13.89,
          14.41,
          15.55,
          17.89,
          24.93,
          25.77
        ],
        "E": [
          67062295.0,
          109211830.0,
          102839641.0,
          90392022.0,
          55541222.0,
          72224666.0,
          99338707.0,
          117299657.0,
          107665313.0,
          134826541.0,
          146889197.0,
          169588720.0,
          99300599.0,
          285782664.0,
          263788201.0,
          214593879.0
        ],
        "v": [
          0.2,
          0.209,
          0.255,
          0.345,
          0.438,
          0.234,
          0.203,
          0.221,
          0.299,
          0.22,
          0.234,
          0.236,
          0.474,
          0.203,
          0.2,
          0.2
        ],
        "rho": [
          1949.0,
          1927.0,
          1819.0,
          1625.0,
          1471.0,
          1764.0,
          1850.0,
          1871.0,
          1788.0,
          1886.0,
          1906.0,
          1930.0,
          1653.0,
          2063.0,
          2033.0,
          1983.0
        ],
        "damping": [
          -0.03751,
          0.01911,
          0.04523,
          0.07272,
          0.1066,
          0.0727,
          0.03398,
          0.03811,
          0.08385,
          0.0382,
          0.02978,
          0.02967,
          0.09444,
          0.00987,
          0.00899,
          0.00901
        ],
        "var_depth": [
          0.46,
          0.11,
          0.12,
          0.08,
          0.16,
          0.01,
          0.01,
          0.04,
          0.05,
          0.05,
          0.02,
          0.09,
          0.06,
          0.12,
          0.2,
          11.41
        ],
        "var_E": [
          812932764685022.0,
          678197408491083.0,
          755416538353201.0,
          1160668941030418.0,
          491960511842949.0,
          64179563675211.0,
          88044676115826.0,
          266119029895908.0,
          246838079937417.0,
          364796510887520.0,
          412635600716629.0,
          723556980233340.0,
          328485501654504.0,
          533163508529791.0,
          1.1290175337205418e+16,
          1.611868667456954e+17
        ],
        "var_v": [
          0.0,
          0.002,
          0.012,
          0.022,
          0.011,
          0.007,
          0.001,
          0.005,
          0.017,
          0.005,
          0.007,
          0.007,
          0.004,
          0.001,
          0.0,
          0.0
        ],
        "var_rho": [
          92588.0,
          30082.0,
          67679.0,
          123832.0,
          52645.0,
          4769.0,
          2550.0,
          7097.0,
          7275.0,
          5556.0,
          6369.0,
          10394.0,
          6844.0,
          1960.0,
          23438.0,
          330000.0
        ],
        "var_damping": [
          0.09638,
          0.00122,
          0.00362,
          0.00432,
          0.00208,
          0.00255,
          0.00171,
          0.00171,
          0.0015,
          0.00158,
          0.00114,
          0.00112,
          0.00055,
          4e-05,
          0.0,
          1e-05
        ]
      },
      "coordinates": [
        "104883",
        "474883"
      ],
      "probability": 0.0
    }
  ]
}