{
  "scenarios": [
    {
      "Name": "Scenario 1",
      "data": {
        "lithology": [
          "6",
          "5",
          "4/3",
          "4",
          "5",
          "4/5",
          "4",
          "5",
          "6/5",
          "4/3",
          "2/3/4/5",
          "6"
        ],
        "depth": [
          0.0,
          2.92,
          4.14,
          7.54,
          8.11,
          9.03,
          10.33,
          12.31,
          14.15,
          15.37,
          17.39,
          18.07
        ],
        "E": [
          135789231.0,
          138063948.0,
          88279140.0,
          90196566.0,
          124568984.0,
          144281826.0,
          139259487.0,
          171163214.0,
          210908789.0,
          124088970.0,
          175009503.0,
          404315112.0
        ],
        "v": [
          0.309,
          0.329,
          0.446,
          0.297,
          0.289,
          0.304,
          0.349,
          0.302,
          0.316,
          0.483,
          0.391,
          0.3
        ],
        "rho": [
          1786.0,
          1807.0,
          1701.0,
          1712.0,
          1781.0,
          1802.0,
          1793.0,
          1825.0,
          1859.0,
          1707.0,
          1804.0,
          1994.0
        ],
        "damping": [
          0.01553,
          0.01224,
          0.01697,
          0.01298,
          0.01242,
          0.01181,
          0.01183,
          0.01089,
          0.01031,
          0.01187,
          0.01343,
          0.00902
        ],
        "var_depth": [
          0.262,
          0.17,
          0.162,
          0.033,
          0.042,
          0.083,
          0.086,
          0.112,
          0.131,
          0.067,
          0.082,
          0.19
        ],
        "var_E": [
          0.327,
          0.241,
          0.301,
          0.096,
          0.091,
          0.133,
          0.122,
          0.139,
          0.156,
          0.194,
          0.169,
          0.117
        ],
        "var_v": [
          0.13,
          0.22,
          0.183,
          0.232,
          0.11,
          0.183,
          0.297,
          0.179,
          0.185,
          0.09,
          0.181,
          0.007
        ],
        "var_rho": [
          0.093,
          0.043,
          0.047,
          0.022,
          0.019,
          0.027,
          0.022,
          0.028,
          0.036,
          0.04,
          0.035,
          0.024
        ],
        "var_damping": [
          1.153,
          0.216,
          0.335,
          0.056,
          0.06,
          0.084,
          0.053,
          0.064,
          0.107,
          0.161,
          0.315,
          0.012
        ]
      },
      "coordinates": [
        "104032",
        "413819"
      ],
      "probability": 1.0
    }
  ]
}