{
  "scenarios": [
    {
      "Name": "Scenario 1",
      "data": {
        "lithology": [
          "6",
          "5",
          "4/3",
          "4",
          "5/4",
          "4/5",
          "4",
          "3/4",
          "5",
          "4/5",
          "6/5",
          "4/3",
          "2/3/4",
          "5/6"
        ],
        "depth": [
          0.0,
          3.0,
          4.26,
          7.76,
          8.4,
          9.19,
          10.51,
          11.13,
          12.65,
          13.87,
          14.53,
          15.53,
          17.51,
          18.03
        ],
        "E": [
          109384225.0,
          122249150.0,
          71002456.0,
          88101234.0,
          114355770.0,
          131077885.0,
          119887461.0,
          126520767.0,
          152311121.0,
          168676276.0,
          188832231.0,
          107481697.0,
          123157859.0,
          344280351.0
        ],
        "v": [
          0.283,
          0.305,
          0.433,
          0.245,
          0.209,
          0.238,
          0.307,
          0.346,
          0.237,
          0.253,
          0.27,
          0.482,
          0.415,
          0.294
        ],
        "rho": [
          1897.0,
          1837.0,
          1506.0,
          1787.0,
          1857.0,
          1872.0,
          1800.0,
          1799.0,
          1896.0,
          1919.0,
          1931.0,
          1667.0,
          1664.0,
          2071.0
        ],
        "damping": [
          0.01143,
          0.0113,
          0.01696,
          0.01161,
          0.01049,
          0.01028,
          0.0111,
          0.01097,
          0.00998,
          0.00963,
          0.00969,
          0.01183,
          0.01526,
          0.00893
        ],
        "var_depth": [
          0.221,
          0.164,
          0.164,
          0.031,
          0.037,
          0.083,
          0.045,
          0.077,
          0.085,
          0.067,
          0.118,
          0.062,
          0.053,
          0.192
        ],
        "var_E": [
          0.267,
          0.241,
          0.38,
          0.095,
          0.091,
          0.132,
          0.128,
          0.135,
          0.136,
          0.121,
          0.155,
          0.192,
          0.175,
          0.081
        ],
        "var_v": [
          0.176,
          0.307,
          0.234,
          0.395,
          0.232,
          0.358,
          0.442,
          0.388,
          0.339,
          0.339,
          0.32,
          0.104,
          0.226,
          0.085
        ],
        "var_rho": [
          0.108,
          0.137,
          0.165,
          0.032,
          0.026,
          0.042,
          0.047,
          0.044,
          0.037,
          0.037,
          0.052,
          0.046,
          0.076,
          0.016
        ],
        "var_damping": [
          0.215,
          0.315,
          0.352,
          0.11,
          0.124,
          0.115,
          0.092,
          0.073,
          0.085,
          0.069,
          0.11,
          0.225,
          0.31,
          0.04
        ]
      },
      "coordinates": [
        "104883",
        "478457"
      ],
      "probability": 1.0
    }
  ]
}