{
  "scenarios": [
    {
      "Name": "Scenario 1",
      "data": {
        "lithology": [
          "6",
          "5",
          "4/3",
          "4",
          "5",
          "4/5",
          "4",
          "5",
          "6/5",
          "4/3",
          "2/3/4/5",
          "6"
        ],
        "depth": [
          0.0,
          2.88,
          4.14,
          7.54,
          8.08,
          9.04,
          10.34,
          12.3,
          14.14,
          15.36,
          17.38,
          18.06
        ],
        "E": [
          108397372.0,
          116784233.0,
          65328028.0,
          81571325.0,
          110980818.0,
          128474708.0,
          116989735.0,
          152283958.0,
          185917787.0,
          103975453.0,
          147646912.0,
          334122072.0
        ],
        "v": [
          0.309,
          0.329,
          0.445,
          0.298,
          0.289,
          0.301,
          0.349,
          0.302,
          0.314,
          0.482,
          0.393,
          0.3
        ],
        "rho": [
          1901.0,
          1837.0,
          1506.0,
          1776.0,
          1852.0,
          1871.0,
          1795.0,
          1896.0,
          1936.0,
          1670.0,
          1762.0,
          2072.0
        ],
        "damping": [
          0.01522,
          0.01229,
          0.01691,
          0.01334,
          0.01278,
          0.01208,
          0.01206,
          0.01112,
          0.01044,
          0.01185,
          0.01363,
          0.00902
        ],
        "var_depth": [
          0.252,
          0.166,
          0.16,
          0.031,
          0.041,
          0.081,
          0.085,
          0.111,
          0.13,
          0.067,
          0.08,
          0.189
        ],
        "var_E": [
          0.279,
          0.247,
          0.384,
          0.103,
          0.095,
          0.137,
          0.135,
          0.13,
          0.146,
          0.181,
          0.178,
          0.087
        ],
        "var_v": [
          0.128,
          0.22,
          0.187,
          0.234,
          0.104,
          0.174,
          0.296,
          0.177,
          0.182,
          0.092,
          0.178,
          0.009
        ],
        "var_rho": [
          0.094,
          0.131,
          0.158,
          0.035,
          0.025,
          0.041,
          0.044,
          0.038,
          0.048,
          0.046,
          0.076,
          0.015
        ],
        "var_damping": [
          1.059,
          0.235,
          0.327,
          0.071,
          0.071,
          0.097,
          0.059,
          0.072,
          0.111,
          0.149,
          0.314,
          0.016
        ]
      },
      "coordinates": [
        "104883",
        "478457"
      ],
      "probability": 1.0
    }
  ]
}