{
  "scenarios": [
    {
      "Name": "Scenario 1",
      "data": {
        "lithology": [
          "6",
          "5",
          "4",
          "3",
          "4",
          "5",
          "4/5",
          "4",
          "5",
          "4/5/6",
          "5/6",
          "4/3",
          "4/5/6"
        ],
        "depth": [
          0.0,
          3.18,
          4.34,
          4.86,
          7.7,
          8.24,
          9.27,
          10.55,
          12.49,
          13.91,
          14.41,
          15.55,
          17.87
        ],
        "E": [
          127911899.0,
          125722907.0,
          117252435.0,
          72859372.0,
          78349278.0,
          110175993.0,
          133357926.0,
          127751775.0,
          154275513.0,
          167045104.0,
          199254659.0,
          118537486.0,
          392064077.0
        ],
        "v": [
          0.292,
          0.307,
          0.381,
          0.445,
          0.236,
          0.208,
          0.24,
          0.298,
          0.23,
          0.256,
          0.27,
          0.477,
          0.297
        ],
        "rho": [
          1813.0,
          1810.0,
          1793.0,
          1687.0,
          1713.0,
          1784.0,
          1811.0,
          1797.0,
          1828.0,
          1832.0,
          1865.0,
          1715.0,
          1994.0
        ],
        "damping": [
          0.01214,
          0.01216,
          0.01406,
          0.01677,
          0.01252,
          0.01081,
          0.0107,
          0.01185,
          0.01032,
          0.00998,
          0.00996,
          0.01268,
          0.00913
        ],
        "var_depth": [
          0.237,
          0.165,
          0.113,
          0.13,
          0.032,
          0.047,
          0.088,
          0.085,
          0.091,
          0.058,
          0.128,
          0.069,
          0.219
        ],
        "var_E": [
          0.321,
          0.253,
          0.305,
          0.345,
          0.097,
          0.081,
          0.125,
          0.13,
          0.154,
          0.148,
          0.162,
          0.2,
          0.115
        ],
        "var_v": [
          0.149,
          0.3,
          0.304,
          0.216,
          0.37,
          0.19,
          0.319,
          0.426,
          0.289,
          0.317,
          0.3,
          0.119,
          0.083
        ],
        "var_rho": [
          0.061,
          0.043,
          0.049,
          0.046,
          0.02,
          0.016,
          0.022,
          0.021,
          0.027,
          0.03,
          0.035,
          0.039,
          0.023
        ],
        "var_damping": [
          0.226,
          0.259,
          0.337,
          0.329,
          0.155,
          0.146,
          0.133,
          0.101,
          0.106,
          0.087,
          0.112,
          0.202,
          0.074
        ]
      },
      "coordinates": [
        "104883",
        "474883"
      ],
      "probability": 1.0
    }
  ]
}