{
  "scenarios": [
    {
      "Name": "Scenario 1",
      "data": {
        "lithology": [
          "6",
          "5",
          "4/3",
          "4",
          "5",
          "4/5",
          "4",
          "5",
          "6/5",
          "4/3",
          "4/5/6"
        ],
        "depth": [
          0.0,
          2.89,
          4.13,
          7.52,
          8.08,
          9.04,
          10.33,
          12.31,
          14.32,
          15.34,
          17.68
        ],
        "E": [
          108532122.0,
          117078186.0,
          69585940.0,
          83236887.0,
          112264636.0,
          129893353.0,
          120260693.0,
          158070453.0,
          186315355.0,
          118660223.0,
          331046890.0
        ],
        "v": [
          0.309,
          0.329,
          0.445,
          0.301,
          0.289,
          0.302,
          0.35,
          0.303,
          0.316,
          0.479,
          0.301
        ],
        "rho": [
          1901.0,
          1838.0,
          1524.0,
          1777.0,
          1853.0,
          1873.0,
          1800.0,
          1906.0,
          1931.0,
          1687.0,
          2067.0
        ],
        "damping": [
          0.01524,
          0.01229,
          0.01691,
          0.01331,
          0.01275,
          0.01207,
          0.01202,
          0.011,
          0.0105,
          0.01239,
          0.00908
        ],
        "var_depth": [
          0.252,
          0.165,
          0.16,
          0.032,
          0.041,
          0.081,
          0.086,
          0.118,
          0.122,
          0.077,
          0.228
        ],
        "var_E": [
          0.279,
          0.245,
          0.359,
          0.104,
          0.096,
          0.136,
          0.13,
          0.121,
          0.153,
          0.165,
          0.088
        ],
        "var_v": [
          0.128,
          0.22,
          0.188,
          0.238,
          0.103,
          0.174,
          0.297,
          0.171,
          0.194,
          0.1,
          0.044
        ],
        "var_rho": [
          0.094,
          0.131,
          0.151,
          0.035,
          0.025,
          0.041,
          0.043,
          0.036,
          0.051,
          0.051,
          0.019
        ],
        "var_damping": [
          1.071,
          0.235,
          0.328,
          0.072,
          0.072,
          0.097,
          0.061,
          0.074,
          0.113,
          0.204,
          0.067
        ]
      },
      "coordinates": [
        "104883",
        "478457"
      ],
      "probability": 1.0
    }
  ]
}