{
  "scenarios": [
    {
      "Name": "Scenario 1",
      "data": {
        "lithology": [
          "6",
          "5",
          "4",
          "3",
          "4",
          "5",
          "4/5",
          "4",
          "5",
          "4/5/6",
          "5/6",
          "4/3",
          "4/5/6"
        ],
        "depth": [
          0.0,
          3.18,
          4.32,
          4.84,
          7.7,
          8.24,
          9.27,
          10.55,
          12.49,
          13.91,
          14.41,
          15.55,
          17.87
        ],
        "E": [
          102841769.0,
          108244207.0,
          94207418.0,
          56658304.0,
          72478346.0,
          100185747.0,
          120171239.0,
          109235843.0,
          138321863.0,
          151797631.0,
          176095324.0,
          99947737.0,
          324304062.0
        ],
        "v": [
          0.29,
          0.307,
          0.38,
          0.444,
          0.23,
          0.207,
          0.239,
          0.295,
          0.23,
          0.258,
          0.271,
          0.477,
          0.297
        ],
        "rho": [
          1897.0,
          1822.0,
          1634.0,
          1473.0,
          1765.0,
          1850.0,
          1874.0,
          1794.0,
          1891.0,
          1911.0,
          1933.0,
          1654.0,
          2067.0
        ],
        "damping": [
          0.01204,
          0.0123,
          0.0142,
          0.01677,
          0.01265,
          0.01082,
          0.01081,
          0.01207,
          0.01039,
          0.01002,
          0.00999,
          0.01266,
          0.00913
        ],
        "var_depth": [
          0.226,
          0.154,
          0.111,
          0.13,
          0.032,
          0.046,
          0.087,
          0.085,
          0.091,
          0.058,
          0.128,
          0.07,
          0.217
        ],
        "var_E": [
          0.269,
          0.257,
          0.369,
          0.407,
          0.107,
          0.09,
          0.134,
          0.141,
          0.142,
          0.13,
          0.153,
          0.18,
          0.085
        ],
        "var_v": [
          0.149,
          0.304,
          0.303,
          0.22,
          0.355,
          0.174,
          0.308,
          0.427,
          0.281,
          0.316,
          0.297,
          0.12,
          0.082
        ],
        "var_rho": [
          0.108,
          0.142,
          0.211,
          0.156,
          0.036,
          0.026,
          0.043,
          0.045,
          0.038,
          0.037,
          0.05,
          0.048,
          0.019
        ],
        "var_damping": [
          0.228,
          0.31,
          0.355,
          0.322,
          0.178,
          0.158,
          0.153,
          0.111,
          0.116,
          0.094,
          0.111,
          0.182,
          0.074
        ]
      },
      "coordinates": [
        "104883",
        "474883"
      ],
      "probability": 1.0
    }
  ]
}