{
  "scenarios": [
    {
      "Name": "Scenario 1",
      "data": {
        "lithology": [
          "6",
          "5/6",
          "5",
          "4/3",
          "4",
          "5/4",
          "4/5",
          "4",
          "3/4",
          "4",
          "5",
          "4/5",
          "6/5",
          "4/3",
          "2/3/4",
          "5/6"
        ],
        "depth": [
          0.0,
          0.76,
          2.95,
          4.23,
          7.66,
          8.28,
          9.08,
          10.41,
          11.03,
          11.53,
          12.57,
          13.79,
          14.45,
          15.44,
          17.4,
          17.94
        ],
        "E": [
          102596234.0,
          161627400.0,
          152709742.0,
          105046020.0,
          110806649.0,
          140875155.0,
          160958709.0,
          158184023.0,
          162484386.0,
          173032737.0,
          189572885.0,
          211973348.0,
          231926545.0,
          153850173.0,
          182954201.0,
          421759133.0
        ],
        "v": [
          0.28,
          0.288,
          0.305,
          0.437,
          0.245,
          0.209,
          0.24,
          0.301,
          0.37,
          0.33,
          0.239,
          0.257,
          0.274,
          0.479,
          0.414,
          0.294
        ],
        "rho": [
          1999.0,
          1999.0,
          1999.0,
          1999.0,
          1999.0,
          1999.0,
          1999.0,
          1999.0,
          1999.0,
          1999.0,
          1999.0,
          1999.0,
          1999.0,
          1999.0,
          1999.0,
          1999.0
        ],
        "damping": [
          0.01815,
          0.01276,
          0.01221,
          0.01757,
          0.01222,
          0.01173,
          0.01126,
          0.01137,
          0.0113,
          0.01101,
          0.01042,
          0.01006,
          0.01,
          0.0125,
          0.0154,
          0.0089
        ],
        "var_depth": [
          0.125,
          0.194,
          0.174,
          0.161,
          0.033,
          0.039,
          0.083,
          0.045,
          0.039,
          0.07,
          0.09,
          0.075,
          0.12,
          0.069,
          0.057,
          0.205
        ],
        "var_E": [
          0.498,
          0.251,
          0.211,
          0.259,
          0.084,
          0.085,
          0.121,
          0.099,
          0.105,
          0.093,
          0.115,
          0.103,
          0.144,
          0.174,
          0.134,
          0.109
        ],
        "var_v": [
          0.226,
          0.197,
          0.298,
          0.231,
          0.401,
          0.236,
          0.364,
          0.444,
          0.363,
          0.406,
          0.34,
          0.328,
          0.321,
          0.116,
          0.234,
          0.087
        ],
        "var_rho": [
          0.027,
          0.027,
          0.027,
          0.027,
          0.027,
          0.027,
          0.027,
          0.027,
          0.027,
          0.027,
          0.027,
          0.027,
          0.027,
          0.027,
          0.027,
          0.027
        ],
        "var_damping": [
          0.681,
          0.435,
          0.298,
          0.341,
          0.044,
          0.044,
          0.062,
          0.042,
          0.04,
          0.037,
          0.046,
          0.05,
          0.111,
          0.269,
          0.283,
          0.039
        ]
      },
      "coordinates": [
        "104032",
        "413819"
      ],
      "probability": 1.0
    }
  ]
}