{
  "scenarios": [
    {
      "Name": "Scenario 1",
      "data": {
        "lithology": [
          "6",
          "5",
          "4",
          "3",
          "4",
          "5",
          "4/5",
          "4",
          "5",
          "4/5/6",
          "5/6",
          "4/3",
          "4/5/6"
        ],
        "depth": [
          0.0,
          3.18,
          4.34,
          4.86,
          7.7,
          8.24,
          9.27,
          10.57,
          12.47,
          13.91,
          14.41,
          15.55,
          17.87
        ],
        "E": [
          95818989.0,
          102985067.0,
          90505065.0,
          55660577.0,
          72081420.0,
          99501248.0,
          117609072.0,
          108281705.0,
          135823946.0,
          147615694.0,
          169753509.0,
          99549379.0,
          299686624.0
        ],
        "v": [
          0.206,
          0.252,
          0.344,
          0.438,
          0.228,
          0.203,
          0.218,
          0.291,
          0.214,
          0.229,
          0.23,
          0.475,
          0.202
        ],
        "rho": [
          1897.0,
          1821.0,
          1626.0,
          1473.0,
          1765.0,
          1850.0,
          1873.0,
          1793.0,
          1890.0,
          1911.0,
          1933.0,
          1654.0,
          2067.0
        ],
        "damping": [
          0.01756,
          0.04362,
          0.07247,
          0.10681,
          0.07354,
          0.03248,
          0.03693,
          0.08334,
          0.03755,
          0.02817,
          0.02864,
          0.09534,
          0.00964
        ],
        "var_depth": [
          0.17,
          0.11,
          0.08,
          0.16,
          0.01,
          0.01,
          0.04,
          0.05,
          0.05,
          0.02,
          0.08,
          0.05,
          0.15
        ],
        "var_E": [
          717000014280749.0,
          743730399265594.0,
          1157414456200480.0,
          490131712403567.0,
          58953044672249.0,
          82449902521349.0,
          255258549812377.0,
          231823387753846.0,
          363651582237382.0,
          373205923667783.0,
          688889804217656.0,
          321378285917416.0,
          698046559536151.0
        ],
        "var_v": [
          0.002,
          0.012,
          0.022,
          0.011,
          0.006,
          0.001,
          0.004,
          0.016,
          0.003,
          0.006,
          0.006,
          0.004,
          0.0
        ],
        "var_rho": [
          42138.0,
          67028.0,
          123310.0,
          51961.0,
          3966.0,
          2277.0,
          6602.0,
          6527.0,
          5143.0,
          5008.0,
          9496.0,
          6257.0,
          1528.0
        ],
        "var_damping": [
          0.00093,
          0.00353,
          0.00434,
          0.00205,
          0.00252,
          0.00165,
          0.00168,
          0.00149,
          0.00159,
          0.00106,
          0.00108,
          0.00053,
          3e-05
        ]
      },
      "coordinates": [
        "104883",
        "474883"
      ],
      "probability": 0.0
    }
  ]
}