{
  "scenarios": [
    {
      "Name": "Scenario 1",
      "data": {
        "lithology": [
          "6",
          "5",
          "4",
          "3",
          "4",
          "5",
          "4/5",
          "4",
          "5",
          "4/5/6",
          "5/6",
          "4/3",
          "4/5/6"
        ],
        "depth": [
          0.0,
          3.18,
          4.34,
          4.86,
          7.7,
          8.24,
          9.27,
          10.57,
          12.47,
          13.91,
          14.41,
          15.55,
          17.87
        ],
        "E": [
          95819451.0,
          102985973.0,
          90505975.0,
          55660520.0,
          72079705.0,
          99500494.0,
          117608871.0,
          108280987.0,
          135821942.0,
          147611131.0,
          169754687.0,
          99550312.0,
          299685237.0
        ],
        "v": [
          0.206,
          0.252,
          0.344,
          0.438,
          0.228,
          0.203,
          0.218,
          0.291,
          0.214,
          0.229,
          0.23,
          0.475,
          0.202
        ],
        "rho": [
          1897.0,
          1821.0,
          1626.0,
          1473.0,
          1765.0,
          1850.0,
          1873.0,
          1793.0,
          1890.0,
          1911.0,
          1933.0,
          1654.0,
          2067.0
        ],
        "damping": [
          0.01756,
          0.04361,
          0.07247,
          0.10681,
          0.07355,
          0.03248,
          0.03693,
          0.08335,
          0.03755,
          0.02817,
          0.02864,
          0.09534,
          0.00964
        ],
        "var_depth": [
          0.17,
          0.11,
          0.08,
          0.16,
          0.01,
          0.01,
          0.04,
          0.05,
          0.05,
          0.02,
          0.08,
          0.05,
          0.15
        ],
        "var_E": [
          716987467691304.0,
          743701583661892.0,
          1157385384793284.0,
          490140113562103.0,
          58954420988464.0,
          82445091489216.0,
          255250950469437.0,
          231813543861158.0,
          363623481919613.0,
          373241380331620.0,
          688803476495918.0,
          321410580200616.0,
          698045645770266.0
        ],
        "var_v": [
          0.002,
          0.012,
          0.022,
          0.011,
          0.006,
          0.001,
          0.004,
          0.016,
          0.003,
          0.006,
          0.006,
          0.004,
          0.0
        ],
        "var_rho": [
          42136.0,
          67023.0,
          123304.0,
          51962.0,
          3967.0,
          2277.0,
          6601.0,
          6527.0,
          5143.0,
          5009.0,
          9495.0,
          6256.0,
          1528.0
        ],
        "var_damping": [
          0.00093,
          0.00353,
          0.00434,
          0.00205,
          0.00252,
          0.00165,
          0.00168,
          0.00149,
          0.00159,
          0.00106,
          0.00108,
          0.00053,
          3e-05
        ]
      },
      "coordinates": [
        "104883",
        "478457"
      ],
      "probability": 0.0
    }
  ]
}