{
  "scenarios": [
    {
      "Name": "Scenario 1",
      "data": {
        "lithology": [
          "6",
          "5",
          "4/3",
          "4",
          "5",
          "4/5",
          "4",
          "5",
          "6/5",
          "4/3",
          "2/3/4/5",
          "6"
        ],
        "depth": [
          0.0,
          2.97,
          4.23,
          7.62,
          8.18,
          9.12,
          10.44,
          12.43,
          14.25,
          15.46,
          17.48,
          18.14
        ],
        "E": [
          110487417.0,
          115621217.0,
          64874021.0,
          77587945.0,
          104147004.0,
          121851490.0,
          114174282.0,
          145809702.0,
          179938320.0,
          104020031.0,
          143311125.0,
          333634378.0
        ],
        "v": [
          0.286,
          0.305,
          0.434,
          0.238,
          0.205,
          0.232,
          0.31,
          0.239,
          0.273,
          0.48,
          0.364,
          0.297
        ],
        "rho": [
          1931.0,
          1838.0,
          1503.0,
          1774.0,
          1852.0,
          1871.0,
          1796.0,
          1898.0,
          1934.0,
          1669.0,
          1762.0,
          2072.0
        ],
        "damping": [
          0.01286,
          0.01222,
          0.01697,
          0.01331,
          0.01274,
          0.01206,
          0.01202,
          0.0111,
          0.01044,
          0.01188,
          0.01366,
          0.00901
        ],
        "var_depth": [
          0.22,
          0.166,
          0.159,
          0.032,
          0.04,
          0.082,
          0.086,
          0.111,
          0.129,
          0.067,
          0.079,
          0.188
        ],
        "var_E": [
          0.252,
          0.247,
          0.386,
          0.105,
          0.098,
          0.141,
          0.136,
          0.133,
          0.15,
          0.185,
          0.181,
          0.087
        ],
        "var_v": [
          0.171,
          0.297,
          0.238,
          0.377,
          0.164,
          0.321,
          0.422,
          0.317,
          0.297,
          0.113,
          0.276,
          0.06
        ],
        "var_rho": [
          0.067,
          0.133,
          0.16,
          0.034,
          0.025,
          0.042,
          0.044,
          0.037,
          0.049,
          0.046,
          0.076,
          0.015
        ],
        "var_damping": [
          0.351,
          0.233,
          0.328,
          0.07,
          0.071,
          0.096,
          0.059,
          0.071,
          0.111,
          0.154,
          0.317,
          0.016
        ]
      },
      "coordinates": [
        "104883",
        "474883"
      ],
      "probability": 1.0
    }
  ]
}