{
  "scenarios": [
    {
      "Name": "Scenario 1",
      "data": {
        "lithology": [
          "6",
          "5",
          "4/3",
          "4",
          "5",
          "4/5",
          "4",
          "5",
          "6/5",
          "4/3",
          "2/3/4/5",
          "6"
        ],
        "depth": [
          0.0,
          2.97,
          4.13,
          7.52,
          8.08,
          9.04,
          10.33,
          12.31,
          14.12,
          15.36,
          17.38,
          17.97
        ],
        "E": [
          278986531.0,
          250233451.0,
          168609408.0,
          172145347.0,
          227680094.0,
          246862836.0,
          241915905.0,
          266861745.0,
          300203215.0,
          182148306.0,
          234678283.0,
          445487529.0
        ],
        "v": [
          0.357,
          0.495,
          0.495,
          0.495,
          0.495,
          0.495,
          0.495,
          0.495,
          0.495,
          0.495,
          0.495,
          0.495
        ],
        "rho": [
          1902.0,
          1836.0,
          1524.0,
          1777.0,
          1853.0,
          1873.0,
          1800.0,
          1899.0,
          1935.0,
          1691.0,
          1763.0,
          2072.0
        ],
        "damping": [
          0.01352,
          0.01233,
          0.01686,
          0.01331,
          0.01275,
          0.01207,
          0.01202,
          0.0111,
          0.01044,
          0.01179,
          0.0139,
          0.00902
        ],
        "var_depth": [
          0.218,
          0.153,
          0.177,
          0.032,
          0.041,
          0.08,
          0.092,
          0.113,
          0.13,
          0.074,
          0.079,
          0.193
        ],
        "var_E": [
          1.097,
          0.19,
          0.226,
          0.093,
          0.075,
          0.107,
          0.08,
          0.104,
          0.143,
          0.171,
          0.14,
          0.082
        ],
        "var_v": [
          0.048,
          0.0,
          0.0,
          0.0,
          0.0,
          0.0,
          0.0,
          0.0,
          0.0,
          0.0,
          0.0,
          0.0
        ],
        "var_rho": [
          0.11,
          0.158,
          0.153,
          0.035,
          0.025,
          0.042,
          0.043,
          0.037,
          0.05,
          0.045,
          0.084,
          0.015
        ],
        "var_damping": [
          0.375,
          0.22,
          0.318,
          0.069,
          0.071,
          0.099,
          0.061,
          0.074,
          0.101,
          0.133,
          0.314,
          0.021
        ]
      },
      "coordinates": [
        "104883",
        "474883"
      ],
      "probability": 1.0
    }
  ]
}