{
  "scenarios": [
    {
      "Name": "Scenario 1",
      "data": {
        "lithology": [
          "6",
          "5",
          "4/3",
          "4",
          "5",
          "4/5",
          "4",
          "5",
          "6/5",
          "4/3",
          "2/3/4/5",
          "6"
        ],
        "depth": [
          0.0,
          2.92,
          4.14,
          7.54,
          8.1,
          9.04,
          10.34,
          12.32,
          14.14,
          15.36,
          17.38,
          18.06
        ],
        "E": [
          135876808.0,
          138568937.0,
          97609730.0,
          92726155.0,
          126045689.0,
          146212114.0,
          144135508.0,
          173531398.0,
          213815773.0,
          152975975.0,
          190944525.0,
          406192882.0
        ],
        "v": [
          0.309,
          0.329,
          0.446,
          0.297,
          0.289,
          0.304,
          0.35,
          0.302,
          0.315,
          0.482,
          0.393,
          0.3
        ],
        "rho": [
          1786.0,
          1807.0,
          1713.0,
          1715.0,
          1782.0,
          1804.0,
          1797.0,
          1826.0,
          1862.0,
          1728.0,
          1814.0,
          1994.0
        ],
        "damping": [
          0.01553,
          0.01225,
          0.01698,
          0.01297,
          0.01241,
          0.0118,
          0.01182,
          0.01089,
          0.0103,
          0.01184,
          0.0136,
          0.00901
        ],
        "var_depth": [
          0.262,
          0.17,
          0.162,
          0.032,
          0.042,
          0.083,
          0.086,
          0.112,
          0.13,
          0.068,
          0.08,
          0.191
        ],
        "var_E": [
          0.327,
          0.239,
          0.277,
          0.101,
          0.093,
          0.132,
          0.118,
          0.135,
          0.149,
          0.185,
          0.167,
          0.117
        ],
        "var_v": [
          0.13,
          0.221,
          0.184,
          0.236,
          0.113,
          0.182,
          0.296,
          0.179,
          0.182,
          0.091,
          0.179,
          0.009
        ],
        "var_rho": [
          0.093,
          0.043,
          0.047,
          0.023,
          0.019,
          0.027,
          0.022,
          0.027,
          0.034,
          0.039,
          0.035,
          0.024
        ],
        "var_damping": [
          1.153,
          0.216,
          0.336,
          0.057,
          0.06,
          0.084,
          0.053,
          0.063,
          0.108,
          0.159,
          0.314,
          0.012
        ]
      },
      "coordinates": [
        "104883",
        "474883"
      ],
      "probability": 1.0
    }
  ]
}