{
  "scenarios": [
    {
      "Name": "Scenario 1",
      "data": {
        "lithology": [
          "6",
          "5",
          "4",
          "3",
          "4",
          "5",
          "4/5",
          "4",
          "5",
          "4/5/6",
          "5/6",
          "4/3",
          "4/5/6"
        ],
        "depth": [
          0.0,
          3.18,
          4.34,
          4.86,
          7.7,
          8.24,
          9.27,
          10.57,
          12.47,
          13.91,
          14.41,
          15.55,
          17.87
        ],
        "E": [
          95818989.0,
          102985067.0,
          90505065.0,
          55660577.0,
          72081420.0,
          99501248.0,
          117609072.0,
          108281705.0,
          135823946.0,
          147615694.0,
          169753509.0,
          99549379.0,
          299686624.0
        ],
        "v": [
          0.206,
          0.252,
          0.344,
          0.438,
          0.228,
          0.203,
          0.218,
          0.291,
          0.214,
          0.229,
          0.23,
          0.475,
          0.202
        ],
        "rho": [
          1897.0,
          1821.0,
          1626.0,
          1473.0,
          1765.0,
          1850.0,
          1873.0,
          1793.0,
          1890.0,
          1911.0,
          1933.0,
          1654.0,
          2067.0
        ],
        "damping": [
          0.01756,
          0.04362,
          0.07247,
          0.10681,
          0.07354,
          0.03248,
          0.03693,
          0.08334,
          0.03755,
          0.02817,
          0.02864,
          0.09534,
          0.00964
        ],
        "var_depth": [
          0.227,
          0.157,
          0.112,
          0.13,
          0.031,
          0.044,
          0.086,
          0.084,
          0.092,
          0.058,
          0.128,
          0.069,
          0.216
        ],
        "var_E": [
          0.279,
          0.265,
          0.376,
          0.398,
          0.107,
          0.091,
          0.136,
          0.141,
          0.14,
          0.131,
          0.155,
          0.18,
          0.088
        ],
        "var_v": [
          0.199,
          0.433,
          0.426,
          0.242,
          0.346,
          0.132,
          0.305,
          0.44,
          0.275,
          0.342,
          0.349,
          0.134,
          0.095
        ],
        "var_rho": [
          0.108,
          0.142,
          0.216,
          0.155,
          0.036,
          0.026,
          0.043,
          0.045,
          0.038,
          0.037,
          0.05,
          0.048,
          0.019
        ],
        "var_damping": [
          1.737,
          1.362,
          0.909,
          0.424,
          0.682,
          1.252,
          1.11,
          0.463,
          1.061,
          1.154,
          1.148,
          0.241,
          0.602
        ]
      },
      "coordinates": [
        "104883",
        "474883"
      ],
      "probability": 0.0
    }
  ]
}