{
  "scenarios": [
    {
      "Name": "Scenario 1",
      "data": {
        "lithology": [
          "1/4/5",
          "6",
          "5",
          "4",
          "3",
          "4",
          "5",
          "4/5",
          "4",
          "5/4",
          "4/5/6",
          "5/6",
          "4/3",
          "4/5/6",
          "5",
          "4/3/1"
        ],
        "depth": [
          0.0,
          1.02,
          3.18,
          4.34,
          4.86,
          7.7,
          8.24,
          9.25,
          10.55,
          12.37,
          13.89,
          14.41,
          15.55,
          17.89,
          24.93,
          25.77
        ],
        "E": [
          67062379.0,
          109212440.0,
          102840562.0,
          90392896.0,
          55541143.0,
          72223113.0,
          99337841.0,
          117299373.0,
          107664824.0,
          134824368.0,
          146885382.0,
          169589790.0,
          99301410.0,
          285781149.0,
          263786233.0,
          214586948.0
        ],
        "v": [
          0.2,
          0.209,
          0.255,
          0.345,
          0.438,
          0.234,
          0.203,
          0.221,
          0.299,
          0.22,
          0.234,
          0.236,
          0.474,
          0.203,
          0.2,
          0.2
        ],
        "rho": [
          1949.0,
          1927.0,
          1819.0,
          1625.0,
          1471.0,
          1764.0,
          1850.0,
          1871.0,
          1788.0,
          1886.0,
          1906.0,
          1930.0,
          1653.0,
          2063.0,
          2033.0,
          1983.0
        ],
        "damping": [
          -0.03751,
          0.01911,
          0.04522,
          0.07272,
          0.1066,
          0.0727,
          0.03398,
          0.03811,
          0.08386,
          0.03821,
          0.02978,
          0.02966,
          0.09444,
          0.00987,
          0.00899,
          0.00901
        ],
        "var_depth": [
          0.46,
          0.11,
          0.12,
          0.08,
          0.16,
          0.01,
          0.01,
          0.04,
          0.05,
          0.05,
          0.02,
          0.09,
          0.06,
          0.12,
          0.2,
          11.41
        ],
        "var_E": [
          812934178527905.0,
          678177711166029.0,
          755387234196819.0,
          1160638367406253.0,
          491969276897447.0,
          64182909210595.0,
          88042604251681.0,
          266114122127706.0,
          246834655872553.0,
          364766116106131.0,
          412684495284561.0,
          723471285298987.0,
          328513829567978.0,
          533127808540392.0,
          1.1288432290715618e+16,
          1.6118546005539434e+17
        ],
        "var_v": [
          0.0,
          0.002,
          0.012,
          0.022,
          0.011,
          0.007,
          0.001,
          0.005,
          0.017,
          0.005,
          0.007,
          0.007,
          0.004,
          0.001,
          0.0,
          0.0
        ],
        "var_rho": [
          92581.0,
          30080.0,
          67673.0,
          123826.0,
          52646.0,
          4770.0,
          2550.0,
          7097.0,
          7275.0,
          5556.0,
          6371.0,
          10392.0,
          6843.0,
          1961.0,
          23434.0,
          329993.0
        ],
        "var_damping": [
          0.09639,
          0.00122,
          0.00362,
          0.00432,
          0.00208,
          0.00255,
          0.00171,
          0.00171,
          0.0015,
          0.00158,
          0.00114,
          0.00112,
          0.00055,
          4e-05,
          0.0,
          1e-05
        ]
      },
      "coordinates": [
        "104883",
        "478457"
      ],
      "probability": 0.0
    }
  ]
}