{
  "scenarios": [
    {
      "Name": "Scenario 1",
      "data": {
        "lithology": [
          "6",
          "5",
          "4/3",
          "4",
          "5",
          "4/5",
          "4",
          "5",
          "6/5",
          "4/3",
          "4/5/6"
        ],
        "depth": [
          0.0,
          2.91,
          4.13,
          7.54,
          8.1,
          9.02,
          10.33,
          12.31,
          14.32,
          15.34,
          17.68
        ],
        "E": [
          135605576.0,
          138691228.0,
          97588076.0,
          93135377.0,
          125958309.0,
          146068654.0,
          144208843.0,
          177740127.0,
          212904598.0,
          155414976.0,
          400258031.0
        ],
        "v": [
          0.306,
          0.329,
          0.445,
          0.297,
          0.288,
          0.304,
          0.35,
          0.303,
          0.317,
          0.479,
          0.301
        ],
        "rho": [
          1786.0,
          1807.0,
          1713.0,
          1716.0,
          1782.0,
          1803.0,
          1797.0,
          1831.0,
          1859.0,
          1735.0,
          1990.0
        ],
        "damping": [
          0.01403,
          0.01224,
          0.01697,
          0.01296,
          0.01242,
          0.01181,
          0.01181,
          0.0108,
          0.01036,
          0.01245,
          0.00908
        ],
        "var_depth": [
          0.23,
          0.17,
          0.163,
          0.032,
          0.041,
          0.083,
          0.086,
          0.119,
          0.122,
          0.078,
          0.23
        ],
        "var_E": [
          0.327,
          0.239,
          0.277,
          0.098,
          0.092,
          0.131,
          0.118,
          0.129,
          0.16,
          0.181,
          0.118
        ],
        "var_v": [
          0.105,
          0.22,
          0.185,
          0.233,
          0.108,
          0.182,
          0.297,
          0.173,
          0.195,
          0.101,
          0.044
        ],
        "var_rho": [
          0.093,
          0.043,
          0.047,
          0.022,
          0.018,
          0.027,
          0.022,
          0.027,
          0.038,
          0.039,
          0.024
        ],
        "var_damping": [
          0.589,
          0.216,
          0.335,
          0.056,
          0.06,
          0.084,
          0.054,
          0.064,
          0.112,
          0.205,
          0.065
        ]
      },
      "coordinates": [
        "104883",
        "474883"
      ],
      "probability": 1.0
    }
  ]
}