{
  "scenarios": [
    {
      "Name": "Scenario 1",
      "data": {
        "lithology": [
          "6",
          "5",
          "4",
          "3",
          "4",
          "5",
          "4/5",
          "4",
          "5",
          "4/5/6",
          "5/6",
          "4/3",
          "4/5/6"
        ],
        "depth": [
          0.0,
          3.18,
          4.34,
          4.88,
          7.7,
          8.24,
          9.27,
          10.55,
          12.49,
          13.91,
          14.41,
          15.55,
          17.87
        ],
        "E": [
          127412184.0,
          125063115.0,
          116087056.0,
          71702074.0,
          77625854.0,
          109381185.0,
          132692424.0,
          127030244.0,
          153546956.0,
          166372736.0,
          198504451.0,
          117910601.0,
          391202795.0
        ],
        "v": [
          0.292,
          0.309,
          0.381,
          0.445,
          0.235,
          0.207,
          0.241,
          0.298,
          0.23,
          0.257,
          0.27,
          0.477,
          0.297
        ],
        "rho": [
          1813.0,
          1810.0,
          1793.0,
          1686.0,
          1713.0,
          1784.0,
          1811.0,
          1797.0,
          1828.0,
          1832.0,
          1865.0,
          1715.0,
          1994.0
        ],
        "damping": [
          0.01217,
          0.01219,
          0.01409,
          0.01685,
          0.01255,
          0.01082,
          0.01073,
          0.01188,
          0.01033,
          0.00999,
          0.00997,
          0.01272,
          0.00914
        ],
        "var_depth": [
          0.238,
          0.166,
          0.116,
          0.131,
          0.031,
          0.046,
          0.087,
          0.085,
          0.092,
          0.058,
          0.128,
          0.069,
          0.219
        ],
        "var_E": [
          0.323,
          0.254,
          0.302,
          0.334,
          0.094,
          0.082,
          0.126,
          0.129,
          0.152,
          0.147,
          0.16,
          0.2,
          0.115
        ],
        "var_v": [
          0.149,
          0.293,
          0.306,
          0.216,
          0.362,
          0.168,
          0.316,
          0.425,
          0.287,
          0.317,
          0.299,
          0.12,
          0.083
        ],
        "var_rho": [
          0.061,
          0.043,
          0.048,
          0.046,
          0.02,
          0.016,
          0.022,
          0.021,
          0.027,
          0.03,
          0.035,
          0.039,
          0.023
        ],
        "var_damping": [
          0.225,
          0.257,
          0.335,
          0.325,
          0.157,
          0.149,
          0.135,
          0.102,
          0.106,
          0.086,
          0.112,
          0.203,
          0.074
        ]
      },
      "coordinates": [
        "104883",
        "474883"
      ],
      "probability": 1.0
    }
  ]
}