{
  "scenarios": [
    {
      "Name": "Scenario 1",
      "data": {
        "lithology": [
          "6",
          "5",
          "4/3",
          "4",
          "5",
          "4/5",
          "4",
          "5",
          "6/5",
          "4/3",
          "2/3/4/5",
          "6"
        ],
        "depth": [
          0.0,
          2.92,
          4.14,
          7.54,
          8.1,
          9.04,
          10.34,
          12.3,
          14.14,
          15.36,
          17.38,
          18.06
        ],
        "E": [
          134585808.0,
          135692072.0,
          86995160.0,
          85464405.0,
          116129924.0,
          136603868.0,
          134913365.0,
          162595751.0,
          204316051.0,
          124142136.0,
          169914146.0,
          403071444.0
        ],
        "v": [
          0.29,
          0.306,
          0.434,
          0.234,
          0.206,
          0.235,
          0.31,
          0.239,
          0.273,
          0.48,
          0.365,
          0.296
        ],
        "rho": [
          1824.0,
          1806.0,
          1700.0,
          1711.0,
          1780.0,
          1802.0,
          1793.0,
          1824.0,
          1860.0,
          1707.0,
          1803.0,
          1994.0
        ],
        "damping": [
          0.01505,
          0.01225,
          0.01695,
          0.01298,
          0.01242,
          0.01181,
          0.01183,
          0.0109,
          0.0103,
          0.01185,
          0.01353,
          0.00902
        ],
        "var_depth": [
          0.257,
          0.17,
          0.162,
          0.032,
          0.042,
          0.083,
          0.085,
          0.112,
          0.13,
          0.067,
          0.081,
          0.191
        ],
        "var_E": [
          0.326,
          0.243,
          0.305,
          0.1,
          0.096,
          0.138,
          0.125,
          0.143,
          0.157,
          0.196,
          0.17,
          0.118
        ],
        "var_v": [
          0.189,
          0.3,
          0.237,
          0.371,
          0.177,
          0.331,
          0.424,
          0.32,
          0.296,
          0.113,
          0.267,
          0.061
        ],
        "var_rho": [
          0.079,
          0.043,
          0.047,
          0.022,
          0.019,
          0.027,
          0.022,
          0.028,
          0.035,
          0.04,
          0.035,
          0.024
        ],
        "var_damping": [
          0.973,
          0.216,
          0.336,
          0.055,
          0.059,
          0.084,
          0.053,
          0.063,
          0.108,
          0.158,
          0.316,
          0.012
        ]
      },
      "coordinates": [
        "104883",
        "478457"
      ],
      "probability": 1.0
    }
  ]
}