{
  "scenarios": [
    {
      "Name": "Scenario 1",
      "data": {
        "lithology": [
          "6",
          "5",
          "4/3",
          "4",
          "5",
          "4/5",
          "4",
          "5",
          "6/5",
          "4/3",
          "2/3/4/5",
          "6"
        ],
        "depth": [
          0.0,
          2.92,
          4.14,
          7.54,
          8.1,
          9.04,
          10.34,
          12.3,
          14.14,
          15.36,
          17.38,
          18.06
        ],
        "E": [
          135787272.0,
          138013453.0,
          88214462.0,
          90032032.0,
          124222414.0,
          144349137.0,
          139147741.0,
          170846524.0,
          211104859.0,
          124210494.0,
          173634715.0,
          404206408.0
        ],
        "v": [
          0.309,
          0.329,
          0.446,
          0.297,
          0.289,
          0.304,
          0.35,
          0.302,
          0.315,
          0.482,
          0.393,
          0.3
        ],
        "rho": [
          1786.0,
          1806.0,
          1700.0,
          1711.0,
          1780.0,
          1802.0,
          1793.0,
          1824.0,
          1860.0,
          1707.0,
          1803.0,
          1994.0
        ],
        "damping": [
          0.01554,
          0.01225,
          0.01697,
          0.01298,
          0.01243,
          0.01181,
          0.01183,
          0.0109,
          0.0103,
          0.01184,
          0.01353,
          0.00902
        ],
        "var_depth": [
          0.262,
          0.17,
          0.162,
          0.032,
          0.042,
          0.083,
          0.085,
          0.112,
          0.13,
          0.068,
          0.081,
          0.191
        ],
        "var_E": [
          0.327,
          0.241,
          0.301,
          0.096,
          0.091,
          0.133,
          0.122,
          0.139,
          0.154,
          0.196,
          0.168,
          0.117
        ],
        "var_v": [
          0.13,
          0.221,
          0.184,
          0.235,
          0.113,
          0.182,
          0.297,
          0.18,
          0.182,
          0.091,
          0.179,
          0.009
        ],
        "var_rho": [
          0.093,
          0.043,
          0.047,
          0.022,
          0.019,
          0.027,
          0.022,
          0.028,
          0.036,
          0.04,
          0.035,
          0.024
        ],
        "var_damping": [
          1.153,
          0.216,
          0.335,
          0.056,
          0.06,
          0.084,
          0.053,
          0.063,
          0.108,
          0.158,
          0.316,
          0.012
        ]
      },
      "coordinates": [
        "104883",
        "474883"
      ],
      "probability": 1.0
    }
  ]
}