{
  "scenarios": [
    {
      "Name": "Scenario 1",
      "data": {
        "lithology": [
          "6",
          "5",
          "4/3",
          "4",
          "5",
          "4/5",
          "4",
          "5",
          "6/5",
          "4/3",
          "2/3/4/5",
          "6"
        ],
        "depth": [
          0.0,
          2.88,
          4.14,
          7.54,
          8.1,
          9.04,
          10.34,
          12.3,
          14.14,
          15.36,
          17.38,
          18.06
        ],
        "E": [
          108452779.0,
          117111818.0,
          69525011.0,
          83802969.0,
          112707161.0,
          129785157.0,
          120034508.0,
          154009508.0,
          187738343.0,
          118180828.0,
          155719486.0,
          335600619.0
        ],
        "v": [
          0.309,
          0.329,
          0.445,
          0.298,
          0.289,
          0.301,
          0.35,
          0.302,
          0.314,
          0.482,
          0.393,
          0.3
        ],
        "rho": [
          1901.0,
          1838.0,
          1525.0,
          1780.0,
          1854.0,
          1873.0,
          1799.0,
          1898.0,
          1937.0,
          1693.0,
          1776.0,
          2072.0
        ],
        "damping": [
          0.01522,
          0.01229,
          0.0169,
          0.01329,
          0.01274,
          0.01207,
          0.01202,
          0.01111,
          0.01043,
          0.01177,
          0.01365,
          0.00901
        ],
        "var_depth": [
          0.252,
          0.166,
          0.16,
          0.032,
          0.04,
          0.081,
          0.085,
          0.111,
          0.13,
          0.067,
          0.08,
          0.189
        ],
        "var_E": [
          0.279,
          0.245,
          0.358,
          0.104,
          0.096,
          0.136,
          0.131,
          0.126,
          0.143,
          0.168,
          0.173,
          0.086
        ],
        "var_v": [
          0.128,
          0.22,
          0.187,
          0.232,
          0.105,
          0.175,
          0.297,
          0.178,
          0.182,
          0.092,
          0.178,
          0.009
        ],
        "var_rho": [
          0.094,
          0.131,
          0.151,
          0.034,
          0.025,
          0.041,
          0.043,
          0.037,
          0.047,
          0.046,
          0.075,
          0.015
        ],
        "var_damping": [
          1.059,
          0.235,
          0.328,
          0.072,
          0.072,
          0.097,
          0.06,
          0.071,
          0.111,
          0.155,
          0.316,
          0.017
        ]
      },
      "coordinates": [
        "104883",
        "474883"
      ],
      "probability": 1.0
    }
  ]
}