{
  "scenarios": [
    {
      "Name": "Scenario 1",
      "data": {
        "lithology": [
          "6",
          "5",
          "4/3",
          "4",
          "5",
          "4/5",
          "4",
          "5",
          "6/5",
          "4/3",
          "2/3/4/5",
          "6"
        ],
        "depth": [
          0.0,
          2.88,
          4.14,
          7.54,
          8.08,
          9.04,
          10.34,
          12.3,
          14.14,
          15.36,
          17.38,
          18.06
        ],
        "E": [
          106886195.0,
          114732674.0,
          64731485.0,
          77529226.0,
          103733811.0,
          121612185.0,
          113455598.0,
          144838644.0,
          179870192.0,
          103728403.0,
          144162700.0,
          333270358.0
        ],
        "v": [
          0.289,
          0.306,
          0.433,
          0.234,
          0.205,
          0.232,
          0.309,
          0.238,
          0.272,
          0.479,
          0.365,
          0.297
        ],
        "rho": [
          1901.0,
          1837.0,
          1506.0,
          1776.0,
          1852.0,
          1871.0,
          1795.0,
          1896.0,
          1936.0,
          1670.0,
          1762.0,
          2072.0
        ],
        "damping": [
          0.01522,
          0.01229,
          0.01691,
          0.01334,
          0.01278,
          0.01208,
          0.01206,
          0.01112,
          0.01045,
          0.01185,
          0.01363,
          0.00902
        ],
        "var_depth": [
          0.252,
          0.166,
          0.16,
          0.031,
          0.041,
          0.081,
          0.085,
          0.111,
          0.13,
          0.067,
          0.08,
          0.189
        ],
        "var_E": [
          0.281,
          0.249,
          0.385,
          0.106,
          0.098,
          0.141,
          0.137,
          0.133,
          0.149,
          0.181,
          0.179,
          0.087
        ],
        "var_v": [
          0.189,
          0.3,
          0.239,
          0.373,
          0.16,
          0.317,
          0.424,
          0.318,
          0.296,
          0.115,
          0.266,
          0.06
        ],
        "var_rho": [
          0.094,
          0.131,
          0.158,
          0.035,
          0.025,
          0.041,
          0.044,
          0.038,
          0.048,
          0.046,
          0.076,
          0.015
        ],
        "var_damping": [
          1.059,
          0.236,
          0.327,
          0.071,
          0.071,
          0.097,
          0.059,
          0.072,
          0.111,
          0.149,
          0.314,
          0.016
        ]
      },
      "coordinates": [
        "104883",
        "474883"
      ],
      "probability": 1.0
    }
  ]
}