{
  "scenarios": [
    {
      "Name": "Scenario 1",
      "data": {
        "lithology": [
          "6",
          "5",
          "4/3",
          "4",
          "5",
          "4/5",
          "4",
          "5",
          "6/5",
          "4/3",
          "2/3/4/5",
          "6"
        ],
        "depth": [
          0.0,
          2.9,
          4.14,
          7.54,
          8.09,
          9.03,
          10.33,
          12.31,
          14.15,
          15.37,
          17.39,
          18.07
        ],
        "E": [
          107025076.0,
          114584382.0,
          64770110.0,
          77634887.0,
          104008368.0,
          121566539.0,
          113561639.0,
          145162947.0,
          179648507.0,
          103461735.0,
          145832598.0,
          333352851.0
        ],
        "v": [
          0.29,
          0.305,
          0.433,
          0.234,
          0.205,
          0.232,
          0.308,
          0.238,
          0.273,
          0.48,
          0.362,
          0.297
        ],
        "rho": [
          1901.0,
          1836.0,
          1506.0,
          1776.0,
          1852.0,
          1871.0,
          1795.0,
          1897.0,
          1934.0,
          1668.0,
          1768.0,
          2072.0
        ],
        "damping": [
          0.01519,
          0.0123,
          0.01691,
          0.01333,
          0.01277,
          0.01208,
          0.01205,
          0.01111,
          0.01045,
          0.01188,
          0.01353,
          0.00902
        ],
        "var_depth": [
          0.252,
          0.165,
          0.16,
          0.032,
          0.04,
          0.081,
          0.086,
          0.111,
          0.13,
          0.066,
          0.081,
          0.188
        ],
        "var_E": [
          0.28,
          0.25,
          0.385,
          0.105,
          0.098,
          0.141,
          0.137,
          0.133,
          0.151,
          0.179,
          0.179,
          0.087
        ],
        "var_v": [
          0.189,
          0.3,
          0.239,
          0.367,
          0.155,
          0.317,
          0.425,
          0.317,
          0.298,
          0.113,
          0.269,
          0.059
        ],
        "var_rho": [
          0.094,
          0.131,
          0.158,
          0.034,
          0.025,
          0.041,
          0.044,
          0.038,
          0.049,
          0.046,
          0.075,
          0.014
        ],
        "var_damping": [
          1.057,
          0.235,
          0.327,
          0.071,
          0.071,
          0.097,
          0.059,
          0.072,
          0.11,
          0.152,
          0.313,
          0.016
        ]
      },
      "coordinates": [
        "104032",
        "413819"
      ],
      "probability": 1.0
    }
  ]
}