{
  "scenarios": [
    {
      "Name": "Scenario 1",
      "data": {
        "lithology": [
          "6",
          "5",
          "4",
          "3",
          "4",
          "5",
          "4/5",
          "4",
          "5",
          "4/5/6",
          "5/6",
          "4/3",
          "4/5/6"
        ],
        "depth": [
          0.0,
          3.18,
          4.34,
          4.88,
          7.7,
          8.24,
          9.27,
          10.55,
          12.49,
          13.91,
          14.41,
          15.55,
          17.87
        ],
        "E": [
          119047440.0,
          119449498.0,
          113067860.0,
          71310241.0,
          77624018.0,
          109132743.0,
          130426489.0,
          126559125.0,
          151520827.0,
          162511114.0,
          192078017.0,
          117731098.0,
          362205442.0
        ],
        "v": [
          0.207,
          0.251,
          0.345,
          0.439,
          0.235,
          0.204,
          0.22,
          0.293,
          0.215,
          0.229,
          0.23,
          0.475,
          0.202
        ],
        "rho": [
          1813.0,
          1810.0,
          1793.0,
          1686.0,
          1713.0,
          1784.0,
          1811.0,
          1797.0,
          1828.0,
          1832.0,
          1865.0,
          1715.0,
          1994.0
        ],
        "damping": [
          0.01787,
          0.04133,
          0.0699,
          0.10292,
          0.07428,
          0.03423,
          0.03607,
          0.07941,
          0.03688,
          0.02781,
          0.02806,
          0.09343,
          0.00964
        ],
        "var_depth": [
          0.238,
          0.166,
          0.116,
          0.131,
          0.031,
          0.046,
          0.087,
          0.085,
          0.092,
          0.058,
          0.128,
          0.069,
          0.219
        ],
        "var_E": [
          0.334,
          0.26,
          0.306,
          0.334,
          0.094,
          0.082,
          0.127,
          0.129,
          0.152,
          0.15,
          0.163,
          0.2,
          0.119
        ],
        "var_v": [
          0.212,
          0.43,
          0.426,
          0.239,
          0.362,
          0.156,
          0.318,
          0.438,
          0.281,
          0.342,
          0.35,
          0.134,
          0.095
        ],
        "var_rho": [
          0.061,
          0.043,
          0.048,
          0.046,
          0.02,
          0.016,
          0.022,
          0.021,
          0.027,
          0.03,
          0.035,
          0.039,
          0.023
        ],
        "var_damping": [
          1.749,
          1.33,
          0.888,
          0.421,
          0.63,
          1.182,
          1.08,
          0.469,
          1.036,
          1.129,
          1.13,
          0.254,
          0.581
        ]
      },
      "coordinates": [
        "104883",
        "478457"
      ],
      "probability": 0.0
    }
  ]
}