{
  "scenarios": [
    {
      "Name": "Scenario 1",
      "data": {
        "lithology": [
          "6",
          "5",
          "4/3",
          "4",
          "5",
          "4/5",
          "4",
          "5",
          "6/5",
          "4/3",
          "2/3/4/5",
          "6"
        ],
        "depth": [
          0.0,
          2.92,
          4.14,
          7.54,
          8.11,
          9.03,
          10.33,
          12.31,
          14.15,
          15.37,
          17.39,
          18.07
        ],
        "E": [
          135878749.0,
          138616801.0,
          97678464.0,
          92895776.0,
          126384541.0,
          146146034.0,
          144102643.0,
          173652942.0,
          213674223.0,
          153043121.0,
          191755198.0,
          406302200.0
        ],
        "v": [
          0.309,
          0.329,
          0.446,
          0.297,
          0.289,
          0.304,
          0.35,
          0.302,
          0.316,
          0.483,
          0.391,
          0.3
        ],
        "rho": [
          1786.0,
          1807.0,
          1713.0,
          1715.0,
          1783.0,
          1803.0,
          1797.0,
          1827.0,
          1861.0,
          1728.0,
          1815.0,
          1994.0
        ],
        "damping": [
          0.01553,
          0.01224,
          0.01698,
          0.01297,
          0.01241,
          0.0118,
          0.01182,
          0.01088,
          0.0103,
          0.01187,
          0.0135,
          0.00901
        ],
        "var_depth": [
          0.262,
          0.17,
          0.162,
          0.033,
          0.041,
          0.083,
          0.086,
          0.112,
          0.131,
          0.067,
          0.082,
          0.19
        ],
        "var_E": [
          0.327,
          0.239,
          0.277,
          0.1,
          0.093,
          0.132,
          0.118,
          0.134,
          0.15,
          0.184,
          0.168,
          0.117
        ],
        "var_v": [
          0.13,
          0.22,
          0.183,
          0.233,
          0.11,
          0.183,
          0.297,
          0.179,
          0.185,
          0.09,
          0.181,
          0.007
        ],
        "var_rho": [
          0.093,
          0.043,
          0.047,
          0.023,
          0.019,
          0.027,
          0.022,
          0.027,
          0.035,
          0.039,
          0.035,
          0.024
        ],
        "var_damping": [
          1.153,
          0.216,
          0.335,
          0.057,
          0.06,
          0.084,
          0.053,
          0.063,
          0.107,
          0.162,
          0.313,
          0.012
        ]
      },
      "coordinates": [
        "104032",
        "413819"
      ],
      "probability": 1.0
    }
  ]
}