{
  "scenarios": [
    {
      "Name": "Scenario 1",
      "data": {
        "lithology": [
          "6",
          "5/6",
          "5",
          "4/3",
          "4",
          "5",
          "4/5",
          "4",
          "5",
          "6/5",
          "4/3",
          "4/5/6"
        ],
        "depth": [
          0.0,
          0.52,
          2.87,
          4.07,
          7.46,
          8.04,
          8.96,
          10.29,
          12.23,
          14.08,
          15.3,
          17.59
        ],
        "E": [
          120315490.0,
          161620075.0,
          156550443.0,
          99797815.0,
          105311284.0,
          144408953.0,
          165358066.0,
          158454569.0,
          201252386.0,
          243201364.0,
          155461278.0,
          459204645.0
        ],
        "v": [
          0.309,
          0.37,
          0.495,
          0.495,
          0.495,
          0.495,
          0.495,
          0.495,
          0.495,
          0.495,
          0.495,
          0.495
        ],
        "rho": [
          1681.0,
          1808.0,
          1794.0,
          1708.0,
          1713.0,
          1781.0,
          1801.0,
          1796.0,
          1830.0,
          1862.0,
          1734.0,
          1989.0
        ],
        "damping": [
          0.01689,
          0.0132,
          0.01254,
          0.01695,
          0.01307,
          0.01251,
          0.01189,
          0.01186,
          0.01086,
          0.01032,
          0.01256,
          0.00908
        ],
        "var_depth": [
          0.11,
          0.214,
          0.164,
          0.178,
          0.033,
          0.042,
          0.082,
          0.091,
          0.117,
          0.127,
          0.086,
          0.231
        ],
        "var_E": [
          1.467,
          0.644,
          0.38,
          0.336,
          0.107,
          0.098,
          0.143,
          0.112,
          0.119,
          0.16,
          0.198,
          0.11
        ],
        "var_v": [
          0.075,
          0.066,
          0.0,
          0.0,
          0.0,
          0.0,
          0.0,
          0.0,
          0.0,
          0.0,
          0.0,
          0.0
        ],
        "var_rho": [
          0.161,
          0.086,
          0.057,
          0.05,
          0.022,
          0.019,
          0.027,
          0.021,
          0.028,
          0.036,
          0.039,
          0.024
        ],
        "var_damping": [
          0.471,
          0.355,
          0.225,
          0.317,
          0.062,
          0.067,
          0.091,
          0.058,
          0.067,
          0.095,
          0.207,
          0.055
        ]
      },
      "coordinates": [
        "104883",
        "478457"
      ],
      "probability": 1.0
    }
  ]
}