{
  "scenarios": [
    {
      "Name": "Scenario 1",
      "data": {
        "lithology": [
          "6",
          "5/6",
          "5",
          "4/3",
          "4",
          "5",
          "4/5",
          "4",
          "5",
          "6/5",
          "4/3",
          "4/5/6"
        ],
        "depth": [
          0.0,
          0.52,
          2.79,
          4.07,
          7.46,
          8.04,
          8.96,
          10.29,
          12.21,
          14.08,
          15.3,
          17.59
        ],
        "E": [
          293086537.0,
          267080115.0,
          246570990.0,
          165566852.0,
          171826834.0,
          227098518.0,
          245179918.0,
          241145509.0,
          269799647.0,
          302411692.0,
          185708135.0,
          440932117.0
        ],
        "v": [
          0.309,
          0.365,
          0.495,
          0.495,
          0.495,
          0.495,
          0.495,
          0.495,
          0.495,
          0.495,
          0.495,
          0.495
        ],
        "rho": [
          1803.0,
          1890.0,
          1824.0,
          1521.0,
          1776.0,
          1851.0,
          1869.0,
          1800.0,
          1902.0,
          1936.0,
          1682.0,
          2066.0
        ],
        "damping": [
          0.01649,
          0.01317,
          0.01266,
          0.01697,
          0.01344,
          0.01288,
          0.0122,
          0.01209,
          0.01107,
          0.01046,
          0.01243,
          0.00909
        ],
        "var_depth": [
          0.108,
          0.2,
          0.161,
          0.176,
          0.032,
          0.04,
          0.081,
          0.092,
          0.117,
          0.127,
          0.084,
          0.229
        ],
        "var_E": [
          1.756,
          0.721,
          0.251,
          0.24,
          0.092,
          0.075,
          0.108,
          0.081,
          0.106,
          0.141,
          0.169,
          0.083
        ],
        "var_v": [
          0.075,
          0.065,
          0.0,
          0.0,
          0.0,
          0.0,
          0.0,
          0.0,
          0.0,
          0.0,
          0.0,
          0.0
        ],
        "var_rho": [
          0.171,
          0.141,
          0.162,
          0.151,
          0.035,
          0.028,
          0.043,
          0.043,
          0.038,
          0.049,
          0.051,
          0.02
        ],
        "var_damping": [
          0.444,
          0.344,
          0.251,
          0.313,
          0.082,
          0.082,
          0.106,
          0.068,
          0.077,
          0.102,
          0.198,
          0.057
        ]
      },
      "coordinates": [
        "104883",
        "478457"
      ],
      "probability": 1.0
    }
  ]
}