{
  "scenarios": [
    {
      "Name": "Scenario 1",
      "data": {
        "lithology": [
          "5/8/6",
          "7/6",
          "5/4",
          "4/3",
          "2/3",
          "4",
          "5",
          "6/5",
          "6/5",
          "4/5",
          "3/4",
          "4/3",
          "4/5/6",
          "4/5/6",
          "6/5/4/3",
          "4/3/5",
          "5/6",
          "5/6"
        ],
        "depth": [
          0.0,
          0.69,
          1.21,
          1.76,
          4.07,
          6.01,
          6.88,
          7.99,
          8.6,
          11.06,
          11.71,
          12.24,
          13.96,
          14.54,
          15.11,
          16.93,
          17.46,
          19.17
        ],
        "E": [
          337812708.0,
          436069026.0,
          254790391.0,
          152515302.0,
          79710049.0,
          113208269.0,
          188450107.0,
          208508251.0,
          189806042.0,
          196198486.0,
          160359197.0,
          152962485.0,
          222132221.0,
          261559572.0,
          187370056.0,
          210313327.0,
          377992084.0,
          366922571.0
        ],
        "v": [
          0.303,
          0.322,
          0.322,
          0.488,
          0.495,
          0.495,
          0.495,
          0.495,
          0.495,
          0.495,
          0.495,
          0.495,
          0.495,
          0.495,
          0.495,
          0.495,
          0.495,
          0.495
        ],
        "rho": [
          1955.0,
          2003.0,
          1789.0,
          1311.0,
          1469.0,
          1677.0,
          1857.0,
          1889.0,
          1872.0,
          1800.0,
          1693.0,
          1638.0,
          1886.0,
          1914.0,
          1678.0,
          1769.0,
          1974.0,
          1984.0
        ],
        "damping": [
          0.01768,
          0.01256,
          0.01622,
          0.01849,
          0.0169,
          0.01493,
          0.01285,
          0.01155,
          0.01236,
          0.01275,
          0.01297,
          0.01346,
          0.01144,
          0.01086,
          0.01301,
          0.01188,
          0.01035,
          0.01016
        ],
        "var_depth": [
          0.155,
          0.138,
          0.071,
          0.085,
          0.077,
          0.057,
          0.072,
          0.059,
          0.094,
          0.039,
          0.038,
          0.092,
          0.054,
          0.067,
          0.099,
          0.055,
          0.203,
          0.272
        ],
        "var_E": [
          0.423,
          0.397,
          0.329,
          0.222,
          0.124,
          0.15,
          0.207,
          0.224,
          0.208,
          0.214,
          0.184,
          0.186,
          0.236,
          0.25,
          0.251,
          0.231,
          0.367,
          0.357
        ],
        "var_v": [
          0.103,
          0.165,
          0.199,
          0.05,
          0.0,
          0.0,
          0.0,
          0.0,
          0.0,
          0.0,
          0.0,
          0.0,
          0.0,
          0.0,
          0.0,
          0.0,
          0.0,
          0.0
        ],
        "var_rho": [
          0.123,
          0.16,
          0.147,
          0.119,
          0.081,
          0.058,
          0.058,
          0.056,
          0.047,
          0.038,
          0.035,
          0.05,
          0.048,
          0.053,
          0.05,
          0.048,
          0.089,
          0.089
        ],
        "var_damping": [
          0.51,
          0.265,
          0.161,
          0.212,
          0.152,
          0.097,
          0.134,
          0.167,
          0.116,
          0.089,
          0.088,
          0.148,
          0.138,
          0.159,
          0.159,
          0.115,
          0.178,
          0.183
        ]
      },
      "coordinates": [
        "85922",
        "441586"
      ],
      "probability": 1.0
    }
  ]
}