{
  "scenarios": [
    {
      "Name": "Scenario 1",
      "data": {
        "lithology": [
          "6",
          "5/6",
          "5",
          "4/3",
          "4",
          "5",
          "4/5",
          "4",
          "5",
          "6/5",
          "4/3",
          "2/3/4/5",
          "6"
        ],
        "depth": [
          0.0,
          0.52,
          2.87,
          4.07,
          7.46,
          8.04,
          8.96,
          10.29,
          12.23,
          14.08,
          15.3,
          17.31,
          17.93
        ],
        "E": [
          120308416.0,
          161641234.0,
          156599224.0,
          99820078.0,
          105321598.0,
          144422769.0,
          165368877.0,
          158465997.0,
          201248708.0,
          243160104.0,
          152968050.0,
          201547220.0,
          465606736.0
        ],
        "v": [
          0.309,
          0.37,
          0.495,
          0.495,
          0.495,
          0.495,
          0.495,
          0.495,
          0.495,
          0.495,
          0.495,
          0.495,
          0.495
        ],
        "rho": [
          1681.0,
          1809.0,
          1794.0,
          1708.0,
          1713.0,
          1781.0,
          1801.0,
          1796.0,
          1830.0,
          1862.0,
          1728.0,
          1807.0,
          1994.0
        ],
        "damping": [
          0.01688,
          0.0132,
          0.01254,
          0.01695,
          0.01307,
          0.01251,
          0.01189,
          0.01186,
          0.01086,
          0.01032,
          0.01201,
          0.01373,
          0.00902
        ],
        "var_depth": [
          0.11,
          0.214,
          0.164,
          0.178,
          0.033,
          0.042,
          0.083,
          0.091,
          0.117,
          0.127,
          0.075,
          0.081,
          0.197
        ],
        "var_E": [
          1.467,
          0.644,
          0.379,
          0.335,
          0.107,
          0.098,
          0.143,
          0.112,
          0.119,
          0.16,
          0.201,
          0.209,
          0.108
        ],
        "var_v": [
          0.075,
          0.066,
          0.0,
          0.0,
          0.0,
          0.0,
          0.0,
          0.0,
          0.0,
          0.0,
          0.0,
          0.0,
          0.0
        ],
        "var_rho": [
          0.161,
          0.086,
          0.057,
          0.05,
          0.022,
          0.019,
          0.027,
          0.021,
          0.028,
          0.036,
          0.04,
          0.038,
          0.023
        ],
        "var_damping": [
          0.471,
          0.355,
          0.225,
          0.317,
          0.062,
          0.067,
          0.091,
          0.058,
          0.067,
          0.095,
          0.155,
          0.313,
          0.016
        ]
      },
      "coordinates": [
        "104032",
        "413819"
      ],
      "probability": 1.0
    }
  ]
}