{
  "scenarios": [
    {
      "Name": "Scenario 1",
      "data": {
        "lithology": [
          "6/5",
          "6",
          "5",
          "4/3",
          "4",
          "5",
          "4/5",
          "4",
          "5",
          "6/5",
          "4/3",
          "4/5/6"
        ],
        "depth": [
          0.0,
          0.62,
          2.79,
          4.07,
          7.44,
          8.02,
          8.94,
          10.25,
          12.13,
          14.24,
          15.28,
          17.58
        ],
        "E": [
          114847713.0,
          159603394.0,
          156884728.0,
          99614098.0,
          105757010.0,
          144394224.0,
          164882731.0,
          157646454.0,
          205701537.0,
          239614257.0,
          154209180.0,
          458043050.0
        ],
        "v": [
          0.309,
          0.37,
          0.495,
          0.495,
          0.495,
          0.495,
          0.495,
          0.495,
          0.495,
          0.495,
          0.495,
          0.495
        ],
        "rho": [
          1675.0,
          1810.0,
          1794.0,
          1707.0,
          1715.0,
          1781.0,
          1801.0,
          1796.0,
          1835.0,
          1858.0,
          1734.0,
          1989.0
        ],
        "damping": [
          0.01724,
          0.01311,
          0.01248,
          0.01675,
          0.01309,
          0.01252,
          0.01191,
          0.01189,
          0.0108,
          0.01041,
          0.01256,
          0.00909
        ],
        "var_depth": [
          0.121,
          0.208,
          0.17,
          0.177,
          0.033,
          0.042,
          0.083,
          0.09,
          0.123,
          0.121,
          0.087,
          0.235
        ],
        "var_E": [
          1.451,
          0.612,
          0.386,
          0.343,
          0.108,
          0.1,
          0.145,
          0.115,
          0.114,
          0.171,
          0.199,
          0.111
        ],
        "var_v": [
          0.078,
          0.068,
          0.0,
          0.0,
          0.0,
          0.0,
          0.0,
          0.0,
          0.0,
          0.0,
          0.0,
          0.0
        ],
        "var_rho": [
          0.161,
          0.082,
          0.058,
          0.051,
          0.022,
          0.019,
          0.028,
          0.022,
          0.026,
          0.039,
          0.039,
          0.024
        ],
        "var_damping": [
          0.481,
          0.345,
          0.229,
          0.31,
          0.063,
          0.068,
          0.093,
          0.059,
          0.068,
          0.098,
          0.208,
          0.054
        ]
      },
      "coordinates": [
        "104032",
        "413819"
      ],
      "probability": 1.0
    }
  ]
}