{
  "scenarios": [
    {
      "Name": "Scenario 1",
      "data": {
        "lithology": [
          "6",
          "5",
          "4/3",
          "4",
          "5",
          "4/5",
          "4",
          "5",
          "6/5",
          "4/3",
          "2/3/4/5",
          "6"
        ],
        "depth": [
          0.0,
          2.97,
          4.13,
          7.52,
          8.08,
          9.04,
          10.33,
          12.31,
          14.13,
          15.36,
          17.38,
          17.98
        ],
        "E": [
          116654092.0,
          121539854.0,
          69611094.0,
          83246901.0,
          112288258.0,
          130065852.0,
          120114445.0,
          154204775.0,
          187326631.0,
          117518999.0,
          150158018.0,
          334832354.0
        ],
        "v": [
          0.309,
          0.329,
          0.446,
          0.299,
          0.288,
          0.301,
          0.349,
          0.301,
          0.315,
          0.484,
          0.397,
          0.3
        ],
        "rho": [
          1902.0,
          1836.0,
          1524.0,
          1777.0,
          1853.0,
          1873.0,
          1800.0,
          1899.0,
          1935.0,
          1691.0,
          1763.0,
          2072.0
        ],
        "damping": [
          0.01428,
          0.01233,
          0.01686,
          0.01331,
          0.01275,
          0.01207,
          0.01202,
          0.0111,
          0.01044,
          0.0118,
          0.01389,
          0.00902
        ],
        "var_depth": [
          0.239,
          0.153,
          0.177,
          0.032,
          0.041,
          0.08,
          0.092,
          0.113,
          0.13,
          0.074,
          0.079,
          0.193
        ],
        "var_E": [
          0.528,
          0.396,
          0.399,
          0.112,
          0.1,
          0.15,
          0.128,
          0.125,
          0.167,
          0.154,
          0.226,
          0.086
        ],
        "var_v": [
          0.107,
          0.197,
          0.221,
          0.215,
          0.095,
          0.15,
          0.296,
          0.153,
          0.171,
          0.107,
          0.2,
          0.01
        ],
        "var_rho": [
          0.11,
          0.158,
          0.153,
          0.035,
          0.025,
          0.042,
          0.043,
          0.037,
          0.05,
          0.045,
          0.084,
          0.015
        ],
        "var_damping": [
          0.522,
          0.22,
          0.318,
          0.069,
          0.071,
          0.099,
          0.061,
          0.074,
          0.101,
          0.133,
          0.314,
          0.021
        ]
      },
      "coordinates": [
        "104032",
        "413819"
      ],
      "probability": 1.0
    }
  ]
}