{
  "scenarios": [
    {
      "Name": "Scenario 1",
      "data": {
        "lithology": [
          "6",
          "5",
          "4/3",
          "4",
          "5",
          "4/5",
          "4",
          "5",
          "6/5",
          "4/3",
          "2/3/4/5",
          "6"
        ],
        "depth": [
          0.0,
          2.99,
          4.15,
          7.54,
          8.1,
          9.02,
          10.33,
          12.31,
          14.12,
          15.36,
          17.38,
          17.97
        ],
        "E": [
          151589930.0,
          140383618.0,
          97963540.0,
          93130071.0,
          125981478.0,
          146216305.0,
          144056423.0,
          173463705.0,
          213354076.0,
          153068702.0,
          184328262.0,
          405148459.0
        ],
        "v": [
          0.306,
          0.33,
          0.447,
          0.296,
          0.288,
          0.304,
          0.349,
          0.301,
          0.316,
          0.484,
          0.397,
          0.3
        ],
        "rho": [
          1788.0,
          1806.0,
          1713.0,
          1716.0,
          1782.0,
          1803.0,
          1797.0,
          1827.0,
          1860.0,
          1728.0,
          1803.0,
          1994.0
        ],
        "damping": [
          0.01369,
          0.01229,
          0.01694,
          0.01296,
          0.01242,
          0.0118,
          0.01181,
          0.01089,
          0.01031,
          0.01186,
          0.01386,
          0.00902
        ],
        "var_depth": [
          0.228,
          0.159,
          0.179,
          0.032,
          0.041,
          0.082,
          0.091,
          0.114,
          0.13,
          0.075,
          0.08,
          0.195
        ],
        "var_E": [
          0.811,
          0.311,
          0.307,
          0.106,
          0.097,
          0.145,
          0.116,
          0.126,
          0.175,
          0.192,
          0.21,
          0.115
        ],
        "var_v": [
          0.09,
          0.198,
          0.217,
          0.206,
          0.099,
          0.158,
          0.297,
          0.155,
          0.171,
          0.107,
          0.2,
          0.011
        ],
        "var_rho": [
          0.103,
          0.044,
          0.047,
          0.022,
          0.018,
          0.027,
          0.021,
          0.027,
          0.037,
          0.039,
          0.037,
          0.024
        ],
        "var_damping": [
          0.397,
          0.207,
          0.323,
          0.055,
          0.06,
          0.086,
          0.055,
          0.065,
          0.094,
          0.134,
          0.315,
          0.018
        ]
      },
      "coordinates": [
        "104883",
        "478457"
      ],
      "probability": 1.0
    }
  ]
}